soc,temperature,R1,tau1,C1,R2,tau2,C2,rmse,trip_id
86.79948333333334,21.0,0.00013570107115622594,0.8119205869000279,5983.155327973084,0.0003022305881455166,33.52112934810315,110912.43131209323,0.0007248384282944832,TripA01
78.08571666666668,24.0,0.0001388044345754551,0.5314594048573184,3828.8359192761463,0.0008771791665664699,43.10131111765443,49136.26857596868,0.0019619466149426125,TripA02
76.76421666666667,24.651466666666668,0.0001400597262082614,0.6305867715707442,4502.270485900386,0.0008713131837466155,41.76229440215208,47930.29094610472,0.0020442436816016686,TripA02
73.95341666666666,25.0,0.00018373437482484533,0.9439886782985212,5137.790243107362,0.0012242160436893353,57.35380678581773,46849.41606628069,0.0027082505012012248,TripA02
74.01558333333332,25.0,0.00015301751164342828,1.009230322373057,6595.5217251528275,0.0008403201256584707,57.60488139329097,68551.11478872658,0.0016300444336931786,TripA02
74.21856666666666,25.0,0.00015066808650700196,0.7216005891881877,4789.339308126495,0.004231190152462832,188.36595194920406,44518.43220507653,0.0010740324725165482,TripA02
74.02448333333332,25.0,0.00015904174914438545,0.6252481739706437,3931.346186358995,0.0015101846414106769,60.545570646267656,40091.502049518596,0.0011169830916933708,TripA02
73.87448333333333,25.0,0.00014702019515504546,0.5558274835559245,3780.619954760341,0.0028851938021477092,162.76680301873847,56414.51291680181,0.0007354543458963454,TripA02
73.12445,24.985916666666665,0.00014059397794014277,0.5313650413003528,3779.429596384128,0.0013569022833795226,58.91789390988525,43420.88198358941,0.0011471788301436567,TripA02
72.09586666666668,25.0,0.00014466620769892224,0.8664384787453082,5989.225075620498,0.0009330833557101525,44.22902761127951,47400.93941298268,0.0016422636926638234,TripA02
71.94316666666666,25.0,0.00014715229585725447,0.7234935672596979,4916.63118842213,0.001572549206358972,63.6950254311254,40504.31310737979,0.0013820855667553019,TripA02
71.03481666666667,25.0,0.0001527483170978762,0.7781181105438475,5094.119040573485,0.001601412975113803,60.8757637257331,38013.7819986172,0.0016181265288086233,TripA02
71.06161666666667,25.0,0.00014702957384912113,0.7049347497169272,4794.509915673954,0.0018338716448505037,78.05023160271482,42560.35683951994,0.00104874622698124,TripA02
70.79791666666667,25.0,0.00012747949254404253,0.5219138365783544,4094.100362048742,0.0011699189681307418,40.176719408816005,34341.454838542406,0.0005731379956696221,TripA02
70.57653333333333,25.0,0.00013203121927249755,0.6013936011192382,4554.934843690488,0.0011564509423685097,39.20964210869383,33905.149515801466,0.0006157562031967645,TripA02
70.45071666666665,25.0,0.00014082684760347808,0.8966876915161037,6367.306424701633,0.001262561805800247,46.61389353289702,36920.088441414424,0.0005995855508297579,TripA02
70.415,25.0,0.0001224184558624826,0.5354672336199787,4374.072764171196,0.0019396463516528194,67.82311451253993,34966.742496510364,0.000592808325149378,TripA02
70.33048333333333,25.0,0.00013846646148225352,0.6395450377183592,4618.772162386241,0.0017233981490040605,73.85119510984066,42852.079858922174,0.0007513035968830552,TripA02
69.91066666666666,25.0,0.0001360404097344112,0.6015952658416156,4422.180637474536,0.001147326389769774,46.30123051469464,40355.761819429244,0.0006452461149190981,TripA02
67.19341666666668,26.0,0.00011853523781733869,0.6570730998099917,5543.27229530288,0.001396972010990444,53.52738707817806,38316.721206337905,0.0013669014711758713,TripA02
83.25323333333333,24.0,0.0001260452767447117,1.614251783878899,12806.920065306023,0.0013201260762323625,189.00913368747953,143175.06266288692,0.0007621878797304527,TripA03
81.69346666666667,24.955566666666666,9.851749539075882e-05,0.543215650792389,5513.900334532296,0.0023300079618884004,183.64644491056004,78817.94736946744,0.0017032495683260733,TripA03
77.31541666666666,26.0,0.00011004675750953547,0.599998083818782,5452.210473050899,0.0005989585481866187,31.014179762656468,51780.177203503765,0.0013371095923592623,TripA03
76.34811666666666,26.0,0.00010534217491299478,0.6466200984337166,6138.283161210401,0.0007533634309388711,33.535191877503415,44513.9629829265,0.0009870018595005863,TripA03
76.13031666666667,26.0,0.0001143114521803932,0.6327503752117338,5535.3191928066835,0.0008227312902794597,39.72248875914892,48281.24228222347,0.0004267749678244735,TripA03
74.93971666666667,25.157933333333332,9.077106165836292e-05,0.5938174129079941,6541.924287973605,0.0007980112844649755,36.201141068749216,45364.19693992194,0.00042152862174518215,TripA03
74.83068333333333,25.0,9.390618860811763e-05,0.5835026639746894,6213.676357473304,0.0010472831634630994,43.114268678033234,41167.72825361319,0.00044828870314333384,TripA03
74.89663333333333,25.0,9.68306916964862e-05,0.8016044321319309,8278.41274380796,0.000877660027274536,48.96639019046743,55791.979432544584,0.0006468831330425643,TripA03
75.02796666666667,25.0,8.135323076548432e-05,0.5769557975038285,7091.9838348769445,0.00039141574956618293,17.74845363391489,45344.25008085649,0.000595202495633121,TripA03
74.90111666666667,25.0,7.985425156452988e-05,0.6168423520622524,7724.602509908751,0.0005968036575414955,25.903451474336734,43403.6406228554,0.0006865464797108928,TripA04
73.8095,25.776566666666664,8.272294695938779e-05,0.5423072091592752,6555.704663489768,0.0005763747459032137,25.332146889401212,43950.827251642026,0.0010019070816215442,TripA04
72.22936666666666,27.17256666666667,8.797805584724193e-05,0.5837229354724619,6634.869682571661,0.0006022872451985864,32.04901197583887,53212.17115476463,0.0009327496122271636,TripA04
71.11846666666666,27.0,9.439681584398957e-05,0.7717119179599604,8175.190138143805,0.0007967644017922213,32.247913221116185,40473.58685776945,0.0008995616888454553,TripA04
70.72211666666666,27.0,0.00010375939332329916,0.8514426368035883,8205.933068157185,0.0007753401200342038,35.67089934617108,46006.776154699015,0.0009944586332711045,TripA04
69.88746666666667,27.0,9.456136502057977e-05,0.673429693147553,7121.615609091427,0.0006387222842620877,25.343259890396855,39678.058077581845,0.000851134093655073,TripA04
68.72095000000002,27.324166666666667,8.75088163343815e-05,0.590163776444193,6744.049355999831,0.0006803835257003985,28.806513012126786,42338.639787718064,0.0007610750969937104,TripA04
67.81296666666667,27.57616666666667,0.00014397943981322666,1.6548431487219635,11493.607357193936,0.0006801223033715807,42.232360850493556,62095.244695159134,0.0012918487258113225,TripA04
67.16583333333334,27.252000000000002,8.587524525056947e-05,0.6514190174443852,7585.643750345685,0.0008549875652328397,32.0600507795649,37497.68076549037,0.0006013403713635858,TripA04
66.63069999999999,27.0,9.302145368521158e-05,0.8463861158930966,9098.827016370891,0.0009214316557284657,35.77608444285175,38826.628345612764,0.0009324147168180321,TripA04
66.51968333333333,27.0,8.724017311703256e-05,0.9252054250301798,10605.268100385565,0.0008770263505982799,39.39356694082785,44917.19879790932,0.0008815357889309,TripA04
66.41841666666667,27.0,8.694808128798266e-05,0.7224437822292862,8308.910001549824,0.0007302877438093336,22.597057767793792,30942.676991842713,0.0007515053273933314,TripA05
66.24723333333334,27.0,8.781674967672661e-05,0.6650429765584669,7573.07665117009,0.0007582243154533694,23.10788338684606,30476.3154067791,0.000706948965975566,TripA05
66.1329,27.0,8.8182695616259e-05,0.764299043196332,8667.222495922562,0.0006282783060922223,20.789373896134887,33089.434561955575,0.0006046473305380489,TripA05
66.01418333333334,27.0,8.098300913633475e-05,0.5864512545303863,7241.657982146559,0.0006124107616782613,17.539204442822673,28639.608479050767,0.0006059306406705423,TripA05
65.87285,27.0,7.78198358950336e-05,0.5252561462912176,6749.643458509773,0.0006319012147941747,16.537532659539128,26171.072744219677,0.0006498773964377216,TripA05
65.70613333333334,27.0,7.982304658650249e-05,0.5136882088327727,6435.337046126146,0.0006936407319209016,18.681816625697895,26932.986726373863,0.0006688632209690072,TripA05
65.5239,27.0,8.348412079199205e-05,0.6748949034866263,8084.111051108577,0.0007484335209575311,21.49426664004664,28719.005814367185,0.0005557427885937655,TripA05
65.41128333333333,27.0,8.802571386889531e-05,0.6292678976682087,7148.6826974835385,0.0007221118863102597,21.423657038181855,29668.057602055665,0.0004038290659705811,TripA05
64.85364999999999,27.0,7.464032478213565e-05,0.5236307216724178,7015.386430871253,0.0006314038806884624,18.382322804982216,29113.41435681188,0.0005415760335231926,TripA05
64.68926666666667,27.0,7.786739183423967e-05,0.5644773302216917,7249.213270470438,0.0007486977656740434,24.244510235284313,32382.239331858134,0.00048745778064339905,TripA05
64.40356666666666,27.0,0.00010212094791103617,0.7490350097912213,7334.783167541215,0.0008463816582166635,27.00874745890271,31910.83738252371,0.0005828672007185088,TripA05
63.87653333333333,27.0,8.196581228488088e-05,0.5529000920580875,6745.49640448172,0.000898084872393034,28.270104947184986,31478.210819715245,0.0005560408326519904,TripA05
63.61563333333334,27.0,9.633305874082186e-05,0.8255842679532798,8570.103334665862,0.0009092748862844005,33.32700963421446,36652.2930930158,0.0005519522088737493,TripA05
63.519466666666666,27.0,9.638576652282711e-05,0.8899110128770051,9232.805267635102,0.0011395255000827668,41.18476164695869,36142.02722446082,0.0006602725823050232,TripA05
63.22638333333334,27.0,9.1805229502321e-05,0.6848050348775591,7459.324905453735,0.0008759396941311571,29.703796687322146,33910.77820349868,0.0005341707166808616,TripA05
62.881616666666666,27.0,8.60009173839456e-05,0.6165936590965417,7169.617230288355,0.0009316491172632346,32.7161270131237,35116.361306957435,0.0006581028433296931,TripA05
62.74165,27.0,8.692312356859146e-05,0.6620224259534631,7616.1831141636085,0.000993839190913275,35.496582884112115,35716.62619934822,0.0007516845610572793,TripA05
62.719316666666664,27.0,9.929270008158755e-05,0.6499648487417697,6545.947972083566,0.001293617228273666,45.609079107652065,35257.012747516856,0.0005560799844782399,TripA05
62.67496666666666,27.0,9.931790930944141e-05,0.6098750339174428,6140.6350391174265,0.0007882597799591203,26.997889549241307,34249.989959707746,0.0005619763677538721,TripA05
62.37963333333333,27.0,8.634955562425663e-05,0.6584395126242785,7625.279688634725,0.000577157059103126,20.559421561548962,35621.883570994185,0.0004005134613196612,TripA05
62.29261666666667,27.0,6.610249622854111e-05,0.5166375183795523,7815.7036096389265,0.0005268465943073521,15.367416287481973,29168.673487745695,0.00041968431237618414,TripA05
61.84360000000001,27.0,8.419655889085443e-05,0.7965692491790972,9460.829037107143,0.0005071404187156327,20.085673223309918,39605.74326569797,0.000516858645134856,TripA05
61.232616666666665,27.0,6.856433156076303e-05,0.5821558644294275,8490.651789021085,0.0003470411605127592,12.206657093297517,35173.51392918919,0.0007101000629107851,TripA05
60.80496666666666,27.0,0.00020832030292668684,3.9377752923416605,18902.503678325884,0.0005168693201844928,110.32503889390176,213448.6118358157,0.0009958761200101979,TripA05
79.68416666666667,26.0,0.00012418148008423298,1.2875225332172409,10368.072053448768,0.0015810904049030105,183.34057674834358,115958.31343976205,0.0006785648152828031,TripA06
79.09020000000001,26.0,6.377787268360136e-05,0.6363254245893641,9977.213064884443,0.0002814832205647112,12.223499093200695,43425.32058812575,0.0006762891975823624,TripA06
78.51213333333334,26.0,7.173962995897752e-05,0.534105060128986,7445.048997804984,0.0002568262608460223,9.619040456193495,37453.49258485875,0.0003612994861237658,TripA06
78.25403333333334,26.0,0.00012182737054438409,1.8294228307986145,15016.517410035704,0.00044220829826683406,45.79789269422891,103566.33485560212,0.0005132242310919381,TripA06
78.08771666666668,26.0,8.1379742329461e-05,0.7399816018051464,9092.94599151439,0.0004921977703320009,23.816412507615237,48387.89190684552,0.0006626056544210412,TripA06
77.80946666666667,26.0,9.286224160992919e-05,0.7846681900888128,8449.808840334015,0.0005282926874599464,24.34948251381361,46090.894482918084,0.0004652914151512744,TripA06
77.39081666666668,26.0,7.86935622287098e-05,0.8855791740322732,11253.51488675127,0.0005161878250797979,23.088539378350056,44728.94992201876,0.0006004083265235223,TripA06
77.0264,26.0,7.79058496549268e-05,0.8437336694598855,10830.170946046892,0.00033139709572340044,15.089210924114626,45532.11575731125,0.0005245048346754132,TripA06
76.96731666666666,26.0,7.58714974700439e-05,0.7102786265217893,9361.60020832891,0.00038418003604399133,14.409892451156168,37508.17611331093,0.00048195461273173876,TripA06
77.08996666666667,26.0,6.351787256998364e-05,0.5181121346037915,8156.950376965764,0.0004559755079968436,15.672893309218491,34372.22621467419,0.000552679823985511,TripA06
77.1,26.0,0.00011012682110426113,1.5439444343195623,14019.694919349875,0.0005919470120529562,32.96465366065689,55688.52108287666,0.0004273716916495517,TripA06
77.06001666666667,26.0,8.817098023482214e-05,0.6931390688700727,7861.306146580927,0.0006917630394400593,31.551604715006558,45610.42281262337,0.00029038054266668293,TripA06
77.01001666666667,26.0,9.888125571997569e-05,1.3128287679097244,13276.821358615804,0.0006634228949223811,34.3003978959665,51702.16186159744,0.00043556517084592867,TripA06
76.98735,26.0,7.741435920999712e-05,1.6485893083535088,21295.65270806522,0.00043661931182845836,30.59146179575113,70064.3809538367,0.0004329245700655419,TripA06
76.35170000000001,26.0,0.00010596325862791681,0.9882981483389984,9326.800262054454,0.0005915587279412592,40.28498905523827,68099.7289913006,0.00036572797432207424,TripA06
75.51376666666667,26.0,0.00012225082844912057,1.4426635856486945,11800.849155383146,0.0004071869516249328,48.665689082000426,119516.81871875715,0.00037743003176847034,TripA06
74.98910000000001,26.0,0.00011544510625425632,1.1810340324370385,10230.265021679905,0.0009456516516418215,88.43126154096441,93513.56959767565,0.00032903487884380266,TripA06
73.19881666666669,27.0,7.210498413403998e-05,0.5745819968159459,7968.686266511388,0.0004063731834533104,16.272709536332236,40043.75829637357,0.0004826767680155211,TripA06
72.16663333333332,27.0,0.00026184354273702665,3.1763474480128906,12130.707577551162,0.0003482666506401289,44.074927409921166,126555.11898400141,0.0008862593575714989,TripA06
71.54908333333333,27.0,0.00020961931345729915,3.5547616496761236,16958.178094597435,0.0006204081998115402,106.39454935758526,171491.2043230642,0.0008790236670575671,TripA06
71.10791666666667,27.0,0.00023493635155780212,3.668285411637566,15613.95410848136,0.0004088855423387792,55.34898250045099,135365.46727443833,0.0011892516749739735,TripA06
69.55486666666667,27.0,0.00024261343233692877,3.8252905945571842,15767.018988647018,0.00013665131048867023,61.47162659991849,449842.935132445,0.0013570399488108157,TripA06
67.89383333333333,27.0,0.0003066407391044898,5.361264512932353,17483.862478903913,0.00046626732671984684,94.114479627249,201846.61080444301,0.000848237788670317,TripA06
67.33015,27.004533333333335,8.827808484741757e-05,0.7018489727780427,7950.432703554218,0.00044813661517220877,16.64690375212442,37146.939545940455,0.0006750294575559692,TripA06
65.95725,28.0,9.336309304559871e-05,1.312868787104178,14061.96757494924,0.0006275545692769403,31.206071186783067,49726.4663736546,0.002090494967330217,TripA06
65.75111666666666,28.0,7.138523646588598e-05,0.5660074803209529,7928.915113861674,0.0005644454925860566,16.167231434243313,28642.67966809642,0.0007407711434104468,TripA06
65.53668333333333,28.0,9.972289254264319e-05,0.9454933597045457,9481.206727935984,0.0007775374429866353,31.515959805194885,40533.04453627013,0.000561845063917128,TripA06
65.42178333333332,28.0,0.0001169726394468284,1.6809620322694796,14370.557424529905,0.0008600622248232111,35.6712057267337,41475.14528273352,0.0006135102191074013,TripA06
65.44835,28.0,8.714702741246029e-05,0.763959583788731,8766.329804606738,0.0010243575912135374,32.055560394816645,31293.330248903625,0.0005403262986320655,TripA06
65.2828,28.0,8.88579984666463e-05,0.8047208084455404,9056.25630029918,0.00103900923584509,32.25630153079767,31045.250049737664,0.0005720135722427978,TripA06
65.11278333333334,28.0,8.889405817793206e-05,0.9310305130146238,10473.484191159945,0.0009012032977383914,29.299628419630693,32511.67466115512,0.0005895661557747639,TripA06
65.05445,28.0,8.70571779015153e-05,0.7424711061501351,8528.54553808379,0.0008951849616305556,29.322725473526194,32756.052358292112,0.00047514617895673026,TripA06
65.0,28.0,9.857966163896995e-05,1.0694688740971645,10848.778098000574,0.0008102488081983003,27.854363846345446,34377.5437427467,0.0004983918140111332,TripA06
64.93023333333333,28.0,8.110731318445132e-05,0.637630781217684,7861.569520464907,0.0008834421477154698,23.794723217909024,26934.10460372623,0.00036318058321366454,TripA06
64.81023333333333,28.0,7.590130141308617e-05,0.9523130363496232,12546.728693975128,0.0006646812294165162,20.823229000428167,31328.143595551253,0.0004582293072234207,TripA06
64.44289999999998,28.0,0.00010981160319093959,1.8588276740680318,16927.42497198512,0.0003281994157185597,13.441445639608492,40955.11751652511,0.0005256672793721145,TripA06
64.02866666666667,28.0,7.650233153122655e-05,0.5834190594188876,7626.160507026494,0.00026245845454465184,9.33509521542494,35567.896761492084,0.0003425405613770697,TripA06
63.9455,28.0,0.00016700046359666008,1.6389810881186115,9814.230768107822,0.0003006157449543505,39.18056011295704,130334.35796553749,0.0003134555907081127,TripA06
63.06341666666667,31.0,7.468983320039093e-05,0.8006551634018402,10719.734254241841,0.0005613458644374033,20.310542476131733,36181.868902672926,0.0003915564340850271,TripA07
62.87266666666665,31.0,0.0001004607055693782,1.8131085966440041,18047.938110407464,0.0005368909302784266,22.828723044720494,42520.22479292346,0.00041619114478884026,TripA07
62.044583333333335,31.0,6.747735879967426e-05,0.5810748465672486,8611.404727507706,0.0005815760570926276,26.19382546573107,45039.3807418368,0.0004840130566850184,TripA07
61.68374999999999,31.0044,8.251057501059856e-05,0.797649785713135,9667.243085030932,0.00044545602752524483,28.26290583666419,63447.12853854577,0.0010832322471284737,TripA07
59.36149999999999,32.0,7.419258142841931e-05,0.5385527594535422,7258.849187949278,0.0003980668711026637,24.63516469778863,61887.000617630096,0.0005131408318949179,TripA07
59.19908333333333,32.0,7.131103175108224e-05,0.6230469260976176,8737.034239981558,0.0003592433070494908,19.94416606663088,55517.15418287054,0.0007143514832541041,TripA07
58.9305,32.0,6.70178244171557e-05,0.5872199030918995,8762.14511883765,0.00025766688751629004,14.945080667338146,58001.55701571588,0.0007180346454129207,TripA07
52.07443333333333,31.0,8.770074004991316e-05,0.7951420407325787,9066.537412113503,0.00011632513572044258,11.084876506304415,95292.18631598292,0.0006974528280394202,TripA07
47.78621666666666,30.0,8.399700794873832e-05,0.8269342099707799,9844.805549210052,0.0004473814626787671,29.55199045419828,66055.46478669696,0.0007717943192689038,TripA07
44.7128,30.54726666666667,7.642155377082769e-05,0.7759393163846467,10153.409321034313,0.0007218984137193743,39.53958886787642,54771.679943387106,0.0006693795200753181,TripA07
44.56223333333333,30.04726666666667,6.716644806010448e-05,0.5575723009309699,8301.351597929095,0.0010737899565096676,50.2539749032341,46800.56336770333,0.0004294014487730818,TripA07
44.350033333333336,30.0,6.455540518845966e-05,1.000488382242896,15498.13496363508,0.001032786270300704,58.200352777449574,56352.7560842807,0.0002996575680860759,TripA07
44.01081666666666,30.0,4.642529794244554e-05,0.5105815393094876,10997.91626415552,0.0008987893262661234,35.0685444732819,39017.53553190108,0.00038582852573020845,TripA07
43.602383333333336,30.0,6.0485556108062744e-05,1.2250976192456198,20254.382997766865,0.0007992753932972498,57.372427281867644,71780.54993684872,0.00043515839566258055,TripA07
41.77981666666667,30.370649999999998,3.157934253312456e-05,1.4236196403856736,45080.72449236061,0.0003890599562708013,20.586978545608535,52914.66832757051,0.0007327457892012326,TripA07
86.2454,26.0,0.0001915085044422349,3.9322205051798584,20532.876681546757,0.0004184457629003107,82.95582672935198,198247.50083349543,0.0008802369021779713,TripA08
82.56721666666667,26.287783333333334,6.800701219650998e-05,0.630534612146916,9271.61173211009,0.0003456548521406403,20.569286509054063,59508.166547260895,0.0009638495961610178,TripA08
82.12158333333335,26.787783333333334,6.949096744818909e-05,0.5433465062395318,7818.951529846506,0.0003601345859086706,17.924240714414974,49770.95068275538,0.0007574784586049821,TripA08
81.14496666666666,26.248949999999997,6.491570394439777e-05,0.5894411698111705,9080.101331351878,0.00041199388531567844,18.899744968378588,45873.84823417271,0.0004373217442658956,TripA08
80.93809999999999,26.0,6.110612878506735e-05,0.5637226358541656,9225.304352644966,0.00043502023811467613,18.330623714931704,42137.40444438714,0.0004742074428221306,TripA08
80.89838333333333,26.26935,5.284942063945635e-05,0.603795964917565,11424.836026807507,0.0002643926609746043,12.375289704427871,46806.47964588001,0.0010512478695550891,TripA08
79.22816666666667,26.56485,5.5349138022014114e-05,0.580720850588269,10491.958345535533,0.0001588012472532713,5.44175948951171,34267.7377138775,0.0007945065514566944,TripA08
78.91591666666667,27.0,7.24856512156292e-05,0.6950305660178753,9588.526202935103,0.00025819753031412177,11.969069609934781,46356.25133738992,0.0007678715200347488,TripA08
78.18703333333333,27.0,8.959998011607193e-05,1.2866855464562506,14360.332946384799,0.0002955080478801233,19.700710582353768,66667.25567604716,0.0008302515765813295,TripA08
77.98956666666666,27.0,6.629378092302049e-05,0.5354595710662059,8077.0709350244315,0.0003507524327360857,10.533826427845813,30032.083728330716,0.0007253991270366489,TripA08
77.86523333333334,27.0,0.00012092701789841925,1.8812054659383375,15556.535657884015,8.89404386925061e-05,15.0105072614671,168770.33082063994,0.0008259451936078911,TripA08
76.7889,27.0,0.00014406563689574542,2.298922316924898,15957.464711647628,0.00019169909727340565,52.053462226991456,271537.33620743983,0.0006913389075866092,TripA08
76.56635,27.0,8.734653124477326e-05,1.2083412832197302,13833.878300599788,0.0003846849746014451,29.742165650033844,77315.64166458118,0.0006615957280332021,TripA08
76.38201666666666,27.0,5.2643594878544506e-05,0.5526716606285927,10498.364747006293,0.0002983981021568776,10.53615731992236,35309.0627713951,0.00036866463573837784,TripA08
74.27293333333333,22.0,0.0001813209832949883,1.3464545240259413,7425.806432096253,1.9303333987697292e-05,20.33894751835957,1053649.4644563636,0.0005901427378058059,TripA09
73.47661666666667,22.0,0.00022814830220643678,2.978152560427627,13053.58195360528,0.00027187985516831636,58.1709745166312,213958.38423048484,0.0007399891581610806,TripA09
73.04626666666665,22.0,0.00021793476273010068,2.3040503219080533,10572.201942658792,0.0012548186540869795,171.95870697294563,137038.6919359792,0.0009478020606033045,TripA09
72.84595,22.0,0.00017594395046485913,1.3695940641664206,7784.263457469465,0.0002767149295083808,45.8549311174667,165711.8074508441,0.001319089275282698,TripA09
70.2994,22.0,0.00016619386991592537,2.48176187945262,14932.93272915602,0.00011689074247806169,6.322108259172631,54085.61982878309,0.00140959333957853,TripA09
70.11636666666668,22.0,0.00017731951826936886,2.899392936680323,16351.234003894651,0.00012586604096726618,8.849787252271772,70311.15926315125,0.0008658040784878131,TripA09
69.82606666666666,22.0,0.0002206329462607341,2.435645569541333,11039.355684726235,0.00029059848697589677,48.31786715030363,166270.19518622366,0.0010144287080604282,TripA09
68.06061666666666,22.0,0.0003090239393875977,4.797251420293557,15523.882809210243,0.0004967766457948076,80.44806258359888,161940.10580929718,0.000923537353305917,TripA10
67.30614999999999,22.558216666666667,0.000146502259589614,0.6273770978981874,4282.371477788894,0.0007585330634813384,29.98852236673336,39534.89150373884,0.0008066837478177382,TripA10
66.83286666666667,23.0,0.00015314234310509733,0.6922607927468379,4520.374827174733,0.0008674240719034565,35.16451735527133,40539.01487666474,0.0011011346933420866,TripA10
65.85861666666666,23.0,0.00014665050471773046,0.5448741158254832,3715.460215252886,0.001379565018354795,43.57936210674809,31589.20495006376,0.0009671128734244312,TripA10
65.59821666666667,23.0,0.00013461849100932473,0.5344999836387774,3970.479683966698,0.0012320382945562897,47.18295503111043,38296.66272516558,0.0022296286594447627,TripA10
64.84756666666665,23.0,0.00017565353373429513,0.8782579066984331,4999.944424841135,0.0021073322827583002,125.29724632897944,59457.75488475747,0.00045371050210537216,TripA10
64.55223333333333,23.0,0.00015390800594639162,0.5695726004344809,3700.734064691029,0.0015264687471496156,56.54837778462728,37045.22473206242,0.00043389216719572413,TripA10
64.25625,23.0,0.00015358351454463823,0.5819354093390502,3789.0486558042253,0.0016221538741952644,56.04963454582943,34552.60036513807,0.0004305157755070102,TripA10
63.995233333333346,23.0,0.00015664516856309243,0.7974930221724394,5091.079600397831,0.001629331015121104,82.43654740840218,50595.33430797356,0.00038994333410812443,TripA10
63.152649999999994,23.0,0.00017387781004407255,1.1020385430339408,6338.005653249306,0.0015256083246621404,168.78646545231314,110635.51681241147,0.0004954895595520848,TripA10
62.84073333333334,23.0,0.00015858298950165688,0.8996419192521834,5673.003908422245,0.0013060249765020245,70.40158321559075,53905.23495511544,0.0004865233322888262,TripA10
62.59538333333334,23.0,0.0001724374974290606,1.3841331435650401,8026.868657929007,0.0011427064895097984,101.96291082582212,89229.30932995967,0.00048596068743161664,TripA10
62.49103333333334,23.0,0.00014579063568353952,0.9356010294354156,6417.428835870352,0.0018744343563193348,97.07651600831782,51789.76563305136,0.0005546983493829816,TripA10
62.42271666666666,23.0,0.00012839328670490003,0.6864890088432224,5346.767159415844,0.002387852250212704,113.76827076558943,47644.60228033591,0.0004515588801340916,TripA10
62.21341666666666,23.0,0.0001932391015832996,1.9068654838355923,9867.90700335356,0.0019647067833708197,180.75283473349666,91999.9036311065,0.000753005688053058,TripA10
61.80166666666667,23.0,0.00013876834405253619,0.683252734245272,4923.693072150519,0.0010263900054978579,72.3621522986778,70501.61430944373,0.0005674907784268061,TripA10
61.757716666666674,23.0,0.0001435327050889289,0.5755473786620872,4009.8692371574402,0.002637334666642761,137.80348253284558,52251.04127883202,0.0007378733927269807,TripA10
61.42033333333333,23.0,0.00014991583811861631,0.8076633633356525,5387.4452057334565,0.001176223818479902,66.21705451733861,56296.304731283635,0.0007842190931575564,TripA10
61.051383333333334,23.0,0.00014131843202942287,0.9344990383374936,6612.7187014283345,0.0014363390275696811,102.76640999368426,71547.46060724076,0.000577562029143867,TripA10
60.93736666666666,23.0,0.00013050058447965397,0.7383649645868672,5657.943736658006,0.0011368433076167906,59.172189169724454,52049.55579478182,0.0005024281864329252,TripA10
86.57358333333333,26.0,0.00015705862562190353,3.5931813280730065,22877.962377711643,0.000397997245450035,116.43683894331143,292556.89649723726,0.0004964779266980891,TripA11
85.43641666666666,26.0,4.165894919291757e-05,0.5572189791755479,13375.732945042228,0.00020084500919082842,9.924404958363278,49413.251533344424,0.0008415053259269253,TripA11
85.19683333333333,26.0,8.3836166886366e-05,1.2642674458842393,15080.215291782895,0.0003488662639758097,36.988913802935436,106026.05531814975,0.000625414788588191,TripA11
84.8955,26.0,6.241484216497077e-05,0.6533318647086368,10467.57216787945,0.0002836359517268963,14.508516540685774,51151.89542211329,0.00037104893906537837,TripA11
84.66775,26.0,5.143321126303859e-05,0.6689874466592108,13006.915769616056,0.00026946811783036176,12.425928426681143,46112.79629935158,0.0005027265435778616,TripA11
84.076,27.0,4.876685346986089e-05,0.6306166715262187,12931.25610238428,0.0002272154848639291,10.330420428361677,45465.30107553269,0.0009126165863960224,TripA11
83.75858333333332,27.0,5.267111215501097e-05,0.5478294532200502,10400.94713792618,0.0002725751594402146,11.960570991331508,43879.90092675663,0.0008139136619900863,TripA11
83.2665,27.0,8.000971819750854e-05,1.044349491629093,13052.783026320089,0.000405691522855795,29.551432845680992,72842.12555800726,0.0006333746888544565,TripA11
82.655,27.0,6.420673194852864e-05,0.7248104874974022,11288.69926098165,0.0004179176725186236,22.523087040955353,53893.598002730214,0.0006373830625569986,TripA11
82.19958333333334,27.0,6.0118890991279606e-05,0.5810813819938279,9665.53727809309,0.0004629885578313855,21.79634772501988,47077.508409954775,0.0005177747159186186,TripA11
81.7233,27.0,6.241484944241866e-05,0.6743563511208607,10804.421658390665,0.00046721628973613255,22.385472692337117,47912.44052081243,0.00042534580781233546,TripA11
81.08788333333332,27.47,6.318280749835658e-05,0.7597317058585903,12024.342316196558,0.0005222218062805677,24.766377128134593,47425.01525267343,0.0009319479998159591,TripA11
80.41263333333333,27.97,6.343417541407749e-05,0.7895036829562289,12446.030515926279,0.0005563700517095351,28.597207354184498,51399.61661544335,0.0006641956255220972,TripA11
79.79928333333335,28.0,9.42828693522832e-05,1.1727233428793575,12438.350157731578,0.0005895291030159884,29.02984751956751,49242.43327607221,0.00030219615197329475,TripA11
79.19041666666666,27.534966666666666,7.860780322799935e-05,0.9843617135190968,12522.442723198714,0.0005992006210297228,29.692378665525073,49553.31757583778,0.00028367267032012824,TripA11
78.62948333333334,27.287950000000002,9.092473244169888e-05,1.6984337344491154,18679.557133018283,0.0006093124541750656,36.59333330151328,60056.76242258362,0.000535688108582307,TripA11
78.32368333333334,27.70631666666667,7.06527415189293e-05,0.7856744922395242,11120.226552412354,0.0008379261311773427,36.495225426307236,43554.227596445744,0.0006286914068982553,TripA11
77.99738333333333,27.953333333333333,7.855985716162914e-05,0.8334799031189909,10609.488525471583,0.000695346150423911,31.217832737433188,44895.384433208616,0.0007732000907852776,TripA11
77.44451666666667,28.0,8.561462613194737e-05,0.93450471646234,10915.246128881086,0.0006731994717027607,31.492132099704527,46779.79324619749,0.0005860272751762171,TripA11
76.84918333333334,28.0,9.990965167870149e-05,1.4430287819244572,14443.337131882712,0.0006841529603258441,38.31548018226023,56004.259871961345,0.0005068465691102865,TripA11
76.33415000000001,28.0,8.725015777918545e-05,1.0778009601276728,12352.99726168283,0.0007660362491958803,35.9456686701872,46924.23982274978,0.0004182205439905733,TripA11
75.99091666666668,28.0,9.570934079577775e-05,1.2387725609628029,12943.0685726492,0.0008788855226446942,40.90506484112896,46541.97137988993,0.00060220667669568,TripA11
75.79236666666667,28.0,0.00010465513212281072,1.5454060799776272,14766.65356615406,0.0009045088756767142,45.31553989737742,50099.60777164768,0.0005100359401385063,TripA11
75.64645,28.0,0.00010856133591081778,1.6214209806980011,14935.528999292941,0.0010068436029939754,54.942984304150215,54569.532090952736,0.00037751954680743173,TripA11
75.67264999999999,28.0,0.0001608723232810849,4.1794734165420095,25980.06500620623,0.00020639248986213348,31.689239153673174,153538.72214459462,0.0004917645297387869,TripA11
75.81343333333334,27.498966666666668,8.386579078934907e-05,1.4800293692441784,17647.593319207594,0.0016811573201572691,98.19217908244939,58407.489831626044,0.00039497270289449657,TripA11
76.00741666666666,27.39628333333333,8.193205629318278e-05,1.634459623707391,19948.963783585492,0.0005785618174018989,35.23614576288984,60902.99204520957,0.0003535647016687514,TripA11
76.23698333333333,27.749199999999995,9.089719917807621e-05,1.4316738282926054,15750.472415413164,0.0005991565249356469,40.92477364785587,68303.97724910271,0.00029228890480326717,TripA11
75.9559,27.0,7.355970721736126e-05,1.2520818305297206,17021.299810641573,0.000366272763630024,18.72187613725034,51114.57360821266,0.00036207649844343585,TripA11
75.84856666666667,27.0,4.667972151837427e-05,1.0439391971308498,22363.86943139603,0.00037894102462017,15.016604909757815,39627.81523802984,0.00035743893373815,TripA11
75.75189999999999,27.0,4.204597737318422e-05,0.6701810109793559,15939.242059497923,0.00037918055759585324,12.266233050730015,32349.31961834364,0.00042168513721113876,TripA11
74.59925,28.0,9.868688103744973e-05,1.4773437685643525,14970.011748610534,0.0004249478187387055,35.08731754152413,82568.53193332623,0.000572024036592851,TripA12
74.37348333333333,28.0,6.129497069498724e-05,0.7981283716325049,13021.106994309675,0.00037270421367478025,14.497340029683837,38897.70895462464,0.0004976695985493774,TripA12
73.68586666666666,28.0,0.00011480118928715857,1.64931885155396,14366.740116501995,0.0006120922600719549,47.4050749756565,77447.59747506652,0.0003700645090388271,TripA12
73.16466666666666,28.0,9.019343233135258e-05,1.3942079903702984,15457.97686519189,0.0004964177888637851,23.373805477759024,47084.94740137665,0.00044654312989428666,TripA12
72.70391666666666,28.0,8.270393864122857e-05,0.9314722586010004,11262.731544645614,0.0005407761939613055,20.919057113796555,38683.39129457571,0.00046896146390768185,TripA12
72.42191666666666,28.0,6.676550462137437e-05,0.7276464496462896,10898.53890527385,0.0005428138529702059,20.9698459904827,38631.744336918564,0.0005606374688016809,TripA12
71.93291666666667,28.0,6.497802915772094e-05,0.6755397769409798,10396.433774580088,0.0005090437108619101,19.211862729051404,37741.08651007982,0.00048259012467167216,TripA12
71.40875,28.0,8.780343087449323e-05,1.0925600958826638,12443.250622454332,0.0005099290055558121,22.73839498171771,44591.29552148799,0.00046022824776549597,TripA12
71.21583333333334,28.0,7.240189172701551e-05,0.9126346088919165,12605.121042042922,0.0005451406062998292,21.144288751471855,38786.85334961532,0.0004956102919773177,TripA12
70.99833333333333,28.0,7.58777159906565e-05,1.1901997065072936,15685.760845171637,0.0004495757259038277,18.065978174694308,40184.50537642894,0.00041122333617153354,TripA12
70.77733333333335,28.0,5.855875543322216e-05,0.637599860456104,10888.20716456645,0.00047097603865832433,14.292941667915933,30347.492217719664,0.00042917054203324136,TripA12
70.31233333333333,28.0,0.00013407800761859213,2.457348400059194,18327.75146129515,0.00044994512721822753,36.73274043676225,81638.26701238289,0.0011464796522626735,TripA12
69.97849999999998,28.104966666666666,6.021185689965941e-05,0.6975996466384627,11585.752085357273,0.00037302332511800586,12.848252817922992,34443.56412258791,0.0005842983569923549,TripA12
69.69933333333334,28.0,0.0001923786611197529,5.019994600423719,26094.342123001086,0.00042280844845971673,59.15865160831316,139918.32903014834,0.0008838841611427489,TripA12
68.42420000000001,28.9065,6.964622992061159e-05,1.0520283483617414,15105.316534160262,0.000551108002464176,26.121119553263775,47397.460092156325,0.0014824798599801117,TripA12
67.53073333333333,29.821166666666667,7.566194554108128e-05,0.6660619749285781,8803.130426601761,0.0006158929514036968,24.413210584723743,39638.7237897154,0.0012232262733072226,TripA12
66.52868333333333,30.0,7.895962016605581e-05,0.6599713773478839,8358.340325851783,0.0007841713397252491,26.43263742590647,33707.7320820826,0.00045579627827539086,TripA12
66.34925,29.64146666666667,7.464339949746722e-05,0.6402471899979908,8577.411992331827,0.0007357982199544027,23.95965523188478,32562.806734391877,0.00038671088790762656,TripA12
66.14824999999999,29.14146666666667,7.740283484244047e-05,0.8870586941567425,11460.286899858642,0.000739111183028554,24.060721876036823,32553.58926845961,0.00044823124680804785,TripA12
65.95068333333334,29.0,6.42025155405018e-05,0.6804887792254642,10599.098391965368,0.0007882156372494625,24.627675866175384,31244.845575654275,0.0004408451375057657,TripA12
65.87355,29.0,6.599300284853187e-05,0.6983421345465967,10582.063315855501,0.0007886494905976686,26.50339462046779,33606.05051603154,0.00039235011726288405,TripA12
65.94354999999999,29.0,7.508698312516298e-05,0.797110064532783,10615.822228522287,0.0016226083066426065,58.91285439369969,36307.50203393095,0.000391282774482721,TripA12
65.89156666666666,29.0,0.00016142902906797192,3.407337155220911,21107.33846875957,0.0004994461732872834,31.032447544809926,62133.71771488165,0.0007615820432795785,TripA12
65.43546666666667,29.0,7.752289618494046e-05,0.9578115953497007,12355.209138016757,0.0007357718007924237,25.270128751923597,34345.06286420295,0.0005515517174973257,TripA12
65.29578333333333,29.0,7.461026745849981e-05,0.840424133776808,11264.188729041536,0.0008384882001329142,27.471845029645092,32763.54398939705,0.00038450137404744925,TripA12
65.2009,29.0,6.929637062231129e-05,0.7603804024516828,10972.874850777016,0.0008133911554560578,25.68436182230526,31576.888499487526,0.00035710897528689375,TripA12
65.19466666666668,29.0,7.659168683001096e-05,0.6478328651467995,8458.266059404228,0.0031421859718351645,89.44449725716721,28465.691737821613,0.0005614080550055256,TripA12
65.13856666666666,29.0,0.00012957611981858627,2.380735275838507,18373.256423881718,0.0010267218709083285,53.00943110076387,51629.78660800034,0.0005243163889220491,TripA12
65.04011666666668,29.0,6.836091223838011e-05,0.7190866105592776,10518.973299416539,0.0006713542652508383,20.247214194202904,30158.76302899175,0.0003251938716126888,TripA12
64.99523333333333,29.0,5.852098554804733e-05,0.6414782793324452,10961.508479821721,0.00048714484872694285,14.973299361028527,30736.85249912484,0.0006973524327984423,TripA12
64.89435,29.0,6.852238955578855e-05,0.8135539935189854,11872.819946779848,0.0006258469276316761,20.78782805308292,33215.51506491854,0.00047026209580040384,TripA12
64.67141666666666,29.2525,5.693639797039682e-05,0.5936541350860569,10426.619109180703,0.0008237480149670968,25.459988384477604,30907.49588694858,0.0010100569166555532,TripA12
64.3949,29.7525,5.847845895076246e-05,0.5362668393276889,9170.331245890276,0.0009580816041165069,28.2155509323257,29450.04977769573,0.0008193447263108188,TripA12
83.38763333333334,22.0,0.00011618596579595992,0.8246039997304203,7097.277146007026,0.00020988877597553484,16.9619262758441,80813.87962270658,0.0007571600502153637,TripA13
82.59423333333332,22.0,0.0001625258360797762,1.7005232069314689,10463.09465589682,9.628521581489451e-05,47.63016762877542,494677.8924019136,0.0007807547008229274,TripA14
81.6116,22.0,0.00013111820925001822,1.2124584208686324,9247.063606220385,0.0003077428128874542,35.52978394859185,115452.84718504729,0.0006745819650814624,TripA14
80.77089999999998,22.0,0.00012512272874768595,0.9583507107640393,7659.285569903009,0.00034317935325278845,23.787225960543886,69314.26886576723,0.0007365139993612777,TripA14
71.18865,18.0,0.00021615103944795053,0.7533212800949209,3485.1614964189043,0.0019234404190104713,124.99523724005147,64985.2399921783,0.001370837574960121,TripA15
66.40671666666667,18.0,0.00015886035886550877,0.5195809444378351,3270.67714153732,0.0007562770348040271,24.709313997701212,32672.30506887479,0.0004882770852658874,TripA15
65.59393333333334,18.0,0.00018517986587383349,0.7705183326140443,4160.918515509742,0.0005745808526406613,23.291070402567524,40535.758014779494,0.0006137430066846664,TripA15
61.530683333333336,19.0,0.00017991962475595995,0.6133507308485162,3409.0262898249994,0.00041576982131136036,51.66631163333066,124266.62298473789,0.0014483049682277366,TripA16
52.973000000000006,19.53881666666667,8.027902419686087e-05,0.7365864294951631,9175.32863489845,0.0003764459412569998,29.367165131970406,78011.63968964519,0.0009805027380019034,TripA16
52.151833333333336,20.0,0.00013430279757011262,0.6845798659685645,5097.286715946333,0.00035156451027275716,25.740687060705177,73217.53564014345,0.0007171672955785227,TripA16
49.07158333333333,19.0,0.00012556292666144613,3.306378843126793,26332.44486281961,0.0002898337280509173,24.804396556035055,85581.47018582142,0.0006902618036364124,TripA16
48.726416666666665,19.0,6.083767343166689e-05,0.7689137043920311,12638.775630624303,0.00036767330837004456,14.32193030712031,38952.869248550436,0.0005950790466635922,TripA16
48.50033333333334,19.0,5.291485197267416e-05,0.5539493221545397,10468.692654391352,0.00032256801459046725,14.682182514165328,45516.54798385961,0.0007658134355548983,TripA16
48.19991666666667,19.0,7.706429583495379e-05,0.894084098110935,11601.794169712095,0.00013411180126101478,7.335766636878034,54698.88979121842,0.0006497171995682845,TripA16
47.97941666666667,19.0,8.294019437247297e-05,1.0109569060240113,12188.986457928268,0.0006674613283117921,65.09948655101522,97532.97125943034,0.0005221689976363555,TripA16
47.73225,19.0,7.451746521955796e-05,0.7583994740873965,10177.472782425588,0.00041671604164098024,19.30497718757252,46326.45556804514,0.0003986075291321252,TripA16
47.44800000000001,19.0,6.424264769151174e-05,0.968053842271822,15068.710226893858,0.00046159007345833073,25.102889555939008,54383.51255663458,0.0008752722189502321,TripA16
47.11825000000001,19.0,6.045280972726248e-05,1.5124868252247423,25019.297399880063,0.0002516784863089207,11.658510711972735,46323.03254423817,0.000506757694543863,TripA16
79.71608333333333,18.0,0.0001729079343693706,0.5398616634815305,3122.24922153233,0.0008857929178021324,40.56848125862998,45799.058045406644,0.0010768272352424497,TripA17
79.49416666666667,18.0,0.00020973045711116995,0.9983837537640775,4760.318398747747,0.0011240550736677116,47.36940713803977,42141.53580880763,0.0006213790728509888,TripA17
79.23841666666667,18.0,0.0001627391400762303,0.533799912511388,3280.0954476061834,0.0010028272945166003,42.028023707259024,41909.53311409227,0.0008801665575938116,TripA17
77.98483333333333,18.0,0.00018825581390392968,0.6801160220086914,3612.7225391071684,0.0009492584606518417,41.15587760412262,43355.81857849494,0.0007178631112620188,TripA17
77.793,18.0,0.00019177182604470261,0.5673597569870008,2958.514650920347,0.0014811197069897566,50.0669925868681,33803.47472968596,0.0007625354660632382,TripA17
77.86958333333334,18.0,0.00018119552618226127,0.9023975691322211,4980.241996838906,0.001165749736387743,60.304765578934905,51730.45611470486,0.0009421980570921641,TripA17
75.23153333333335,18.0,0.00014259840773768004,0.6722667969561295,4714.406055590833,0.001539002781864175,75.64627390538665,49152.78568486878,0.0013533657038679574,TripA18
74.33033333333333,18.325750000000003,0.00014679556117197466,0.631446766779057,4301.538559734115,0.0010879389261499877,48.71629108693355,44778.51643688437,0.0015145558788492491,TripA18
73.42601666666667,18.825750000000003,0.00018482407709877432,0.6323269395153948,3421.2368293199397,0.001209963196272897,37.82910445064398,31264.673642281552,0.003907121756936724,TripA18
72.78066666666668,19.0,0.0002114846823593611,1.5892257263261877,7514.613865157987,0.0014973782982277447,92.45483967943579,61744.47685589057,0.004223099703657068,TripA18
72.00015,19.0,0.0001898768954767305,0.7009452856612065,3691.577555559453,0.0011728491641553615,46.931373322158386,40014.8414275901,0.0024978480082951445,TripA18
71.24903333333333,19.0,0.00016428971540127533,0.5990252222825189,3646.1516828330255,0.0013336728505353342,29.72272965852144,22286.372288819395,0.001980799437614514,TripA18
70.84613333333333,19.0,0.00045460516866027494,5.293213249190033,11643.539524174736,0.0007976272031741325,144.59118548014692,181276.64766792156,0.0032772337145294526,TripA18
70.85148333333333,19.0,0.0001838238558463357,1.0677012160580175,5808.284300980736,0.0019110069387520867,85.93589907365596,44968.910018596405,0.001868443540671514,TripA18
70.72523333333334,19.0,0.00019518990330479765,0.8671253665948765,4442.470393772479,0.001642134130142028,57.54369023454218,35042.01586113142,0.0008248330350125833,TripA18
70.61600000000001,19.0,0.0001964660497043405,1.6927759089973533,8616.124320434967,0.002399078003145103,84.53867504202191,35237.985147291925,0.0004705831672102333,TripA18
70.54661666666667,19.0,0.0001922116481601087,0.7421586766570001,3861.1534928351266,0.002434746282826148,101.461251498561,41672.20716763521,0.0005514768206264245,TripA18
70.45685,19.0,0.00016218161042774772,0.5431123446534942,3348.791168253025,0.0016643423609123253,52.15309354058533,31335.55617246749,0.0005528598613917287,TripA18
88.34141666666667,22.0,0.0001285755427522123,1.4461801729282098,11247.708094184392,0.0007654920840938336,70.06282729795686,91526.52098407409,0.0004793163819841447,TripA19
88.06741666666667,22.0,9.502280728581074e-05,0.5208996413584419,5481.838058011418,0.00030638204405464416,17.163446562661118,56019.75342784764,0.0004041993036318008,TripA19
87.47446666666669,22.0,8.488515151260258e-05,0.5354631090385257,6308.089218159992,0.0003426652680404717,15.927753505710813,46481.96065155226,0.000684510568523393,TripA19
87.2647,22.0,9.669203194030999e-05,0.5091574204833617,5265.763995917215,0.0004227082666312689,20.51877979138653,48541.23141453771,0.0005876678824373847,TripA19
86.69808333333334,22.0,9.109297505596238e-05,0.5068760103066551,5564.380897596759,0.000565716887112907,29.762884340574068,52610.91726016291,0.0005219828955828349,TripA19
86.47608333333332,22.0,9.611357769406307e-05,0.5541055395027642,5765.111993505484,0.0006427628616427857,29.368062868697244,45690.35428344099,0.0005607113837295628,TripA19
85.26136666666666,22.0,0.00012455440484740427,0.8724545554590061,7004.606192192713,0.0006538690127557555,37.984766511685635,58092.3178353374,0.0009294720098439944,TripA19
85.10056666666667,22.0,0.00010736681793458809,0.6651300536635674,6194.931231628655,0.0007570328468229589,39.24974507143918,51846.819112484554,0.00075969103842463,TripA19
84.35288333333334,22.0,9.278168676897157e-05,0.5158442814001544,5559.7639939939645,0.0006456541945674114,31.836167743371014,49308.38831566991,0.00038593267063341834,TripA19
84.08626666666669,22.0,0.00010895959012314069,0.6652292850600506,6105.284393124476,0.0007676596509607062,38.09511387294411,49625.00481205318,0.0006361410941070249,TripA19
84.06900000000002,22.0,0.00011282398453192917,0.7005477443609934,6209.209391667412,0.0009476683027166636,50.15998988699237,52929.90146784443,0.0004873492288651137,TripA19
84.02665,22.0,0.00013139350598618404,0.6943448127967811,5284.468266413342,0.0008791131495767139,57.30231606381402,65181.95762559647,0.0004426814060765959,TripA19
83.93928333333332,22.0,0.00010866671548956846,0.626770122401491,5767.820620856606,0.0007851782515144382,39.7459822681182,50620.330086138834,0.00035114738940815514,TripA19
83.89499999999998,22.0,0.00010780805927516447,0.5805437739316616,5384.975648712009,0.0007781580421131984,38.79454871209209,49854.33114170483,0.000373102046984254,TripA19
83.88268333333333,22.0,0.00011041998366900815,0.5797253485922387,5250.185060070351,0.001079606663043672,53.27779363291883,49349.263446296136,0.00033141502086828827,TripA19
83.70796666666668,22.0,9.994619443570761e-05,0.6092605210722167,6095.8851361182715,0.0005497047681413434,27.280641635410024,49627.80608152822,0.00042448982977251633,TripA19
83.69231666666668,22.0,0.00010135636040623607,0.6741313385266808,6651.100491619509,0.0005719084718814474,55.162847683938715,96453.97890761371,0.0002801021960897068,TripA19
83.26263333333333,22.0,9.912984107117345e-05,0.7606114490889563,7672.880747814887,0.0005021373519713374,24.948332503850203,49684.27942256381,0.0003961340617894199,TripA19
83.03824999999999,22.0,9.054688898543148e-05,0.6111404491768412,6749.436187422966,0.0005074941602489436,22.33374682112973,44007.88929309895,0.00042288324773734446,TripA19
82.87861666666664,22.0,0.00010021726739647074,0.5597574639526544,5585.43930097586,0.0005763289991876099,27.81795346038935,48267.48870801466,0.0005640836918104291,TripA19
82.75066666666666,22.0,9.071780262742872e-05,0.6447326506386085,7107.013529488558,0.0004538951019166536,18.77507355728876,41364.344929054394,0.0003117576713885507,TripA19
82.54308333333334,22.0,9.087502495995373e-05,0.5537817749351394,6093.88305729959,0.0004787970205403522,19.225693290201445,40154.162338988775,0.0004932081190933259,TripA19
82.26740000000001,22.0,0.00010243144340342485,0.7277004445178205,7104.268185031642,0.0005556608054585913,27.296322077446185,49124.073192310745,0.000630599896053378,TripA19
82.06635,22.0,0.0001003609963117005,0.6896977035986174,6872.168760227917,0.0006585232982857313,29.271077687352147,44449.57036987249,0.0005424683345344621,TripA19
81.93141666666666,22.0,0.00010267754697003467,0.6621248121861958,6448.584249674661,0.0006612534244025859,29.387780501843697,44442.538091041715,0.000484163618432188,TripA19
81.7914,22.0,9.541059970584611e-05,0.6040021167352886,6330.555709716176,0.0006262645116861744,25.36726385609135,40505.67034014385,0.0004610055936629398,TripA19
81.61638333333333,22.0,9.514280103424111e-05,0.602386989294882,6331.398516195543,0.0006670746414623274,27.112654304480145,40644.10879874724,0.00042324512801792546,TripA19
81.4194,22.0,9.814298910843238e-05,0.6559562824982644,6683.679480900436,0.0006651719035398093,29.05726400071311,43683.84149432748,0.0004947201489596098,TripA19
81.23103333333334,22.0,9.43474659464588e-05,0.5716389766708302,6058.869424169054,0.0007368893515270532,30.44838500214721,41320.15877152944,0.00043240955649561253,TripA19
81.15735000000001,22.0,0.00011691811035133095,0.9368203349158742,8012.619534311605,0.0007818776069399465,38.681746442408325,49472.89204738581,0.0004194870190017936,TripA19
81.12603333333335,22.0,9.343553063796987e-05,0.611535908893535,6545.003862214082,0.0008135720205754251,32.53631599754281,39991.93086130279,0.00036101288787467674,TripA19
81.06701666666666,22.0,9.598740809658294e-05,0.61631072691785,6420.7455867306635,0.0007464727921044667,30.192737102373385,40447.20373163714,0.0003114957519092236,TripA19
81.01,22.0,9.958844563253475e-05,0.6449539906582816,6476.1929615616,0.0006949917029862622,28.49925042882372,41006.605267900675,0.00030215984324540593,TripA19
80.94001666666666,22.0,0.00010048926411872928,0.6107390832853223,6077.655047445932,0.0007067516204489805,28.51682504005825,40349.14701991383,0.00026982222281904226,TripA19
80.83236666666666,22.0,9.80590990772719e-05,0.6106365534429272,6227.229896959764,0.0005854693817293338,25.121672968397156,42908.60248608366,0.00027757776767309695,TripA19
80.6824,22.0,0.00010481851198762733,0.7093713342928343,6767.615002744627,0.0006217861733275296,27.556596737402316,44318.44566425686,0.0003384764640046656,TripA19
80.52971666666667,22.0,0.00010530885953411268,0.8092719248175099,7684.746833245901,0.0006646282343748299,31.543685334124277,47460.64597119509,0.000381547660472828,TripA19
80.43634999999999,22.0,9.661949598830234e-05,0.6512799151771933,6740.667693568214,0.0007998424662358188,35.00655709536863,43766.81480806445,0.00035754749383974096,TripA19
76.68903333333333,17.0,0.00023123540132143978,1.3192079660932614,5705.043252695696,0.00025159078982560937,64.23631667843405,255320.62092956415,0.001450830254431136,TripA20
75.07979999999999,17.0,0.00015320001147136095,0.5064635973360173,3305.897907394707,0.0001278660729180419,11.00133604265411,86037.9598089762,0.0017004738337782768,TripA20
71.66991666666667,17.0,0.00019011773747984183,0.9594166622447822,5046.434251546409,0.0002134808397916113,28.524009704735366,133613.9099536005,0.0009589785285419435,TripA20
70.6056,17.0,0.00031452286328487747,3.0117256448286938,9575.538049521185,0.0002906365991294414,75.55199892156908,259953.49225759532,0.0014144654290237858,TripA20
70.74756666666669,18.5437,0.00016092103963504466,0.6597141303836483,4099.613896851675,0.00023363305607259548,7.42008218204359,31759.556232222505,0.0007830051765581145,TripA21
66.89705,20.0,0.000205792282965525,0.5579343138826878,2711.1527499607687,0.0011180183335641662,43.31366141053718,38741.45898167535,0.001429632482249029,TripA21
66.76764999999999,19.0,0.00020644848358660552,0.6269263407506663,3036.720492488721,0.0005676630730339357,55.63317783699148,98003.86968920496,0.0003929409577391301,TripA21
66.26125000000002,19.198316666666667,0.00015883094238116138,0.5989784773266734,3771.16995181738,0.0010041504865658869,32.9269935799195,32790.89540904087,0.0011311775119899892,TripA21
65.70528333333333,20.0,0.0001970208389257891,0.5354177029156683,2717.5688918741307,0.0019832536532151074,64.50691454139229,32525.801445931207,0.0005492896906799606,TripA21
65.10600000000001,20.0,0.0001957187556939645,0.5818590429016754,2972.934509207176,0.0020996196604926784,64.70978131110483,30819.76346893256,0.000511268868477214,TripA21
64.48236666666666,20.0,0.00020031273192072635,0.5605893409383251,2798.5706927514625,0.002167429690344762,64.91378759061284,29949.662441085846,0.0008468532911178095,TripA21
64.27501666666666,20.0,0.0001921562566484042,0.7495849816714756,3900.9137394002237,0.0028321234308350766,78.20347364387139,27613.017424460348,0.0004000476032401364,TripA21
85.28509426666666,19.0,0.00013557595674267367,0.812757883000434,5994.852645908798,0.0004966758417072249,38.73214389078483,77982.74173684542,0.0006904922120545801,TripA22
84.74775985000001,19.0,0.000140003072493693,1.1265199154189354,8046.394235167118,0.0003427996602915183,23.16279363016041,67569.47661634983,0.0009995422844797598,TripA22
84.22212031666668,19.0,0.00012499378814371354,0.9475561486285492,7580.825917037428,0.0003361137605568116,19.832712451243598,59005.952087139776,0.0010366215040131287,TripA22
83.7302605,19.064991383333332,0.00011524061275178326,0.7679055752345837,6663.497849395989,0.0008074197336795945,54.456384962834115,67444.95172871741,0.0014369894356940959,TripA22
81.00135881666667,20.0,0.00015538119833553827,0.7266806977890394,4676.760802293513,0.0008202222634920706,41.511371815501164,50609.9061963617,0.0004844325424442055,TripA22
80.900769,20.0,0.00013350313253843434,0.6419384149415116,4808.414624703307,0.0007410306880915487,31.840924257585872,42968.428661961385,0.000500671652331999,TripA22
78.65292106666665,20.0,0.00014725407635179244,0.5121863479126808,3478.2490278167857,0.0007640917296776235,34.8419670335515,45599.19402380079,0.0002911246313068779,TripA22
78.26563828333333,20.0,0.00014466761400039462,0.5072402940273941,3506.246353285473,0.0008589677021951398,32.91175752059111,38315.47732991972,0.000816113196513244,TripA22
77.41376456666666,20.0,0.00012780678058941302,0.5176332527052984,4050.1235561846,0.0009778659320766108,38.078125419674585,38940.02661368037,0.0004899160322011875,TripA22
77.37666803333332,20.0,0.00014410384828341657,0.6666463035695246,4626.1519835223025,0.0010902248522579525,50.52667807492683,46345.19014153969,0.000642600716867133,TripA22
77.09887344999999,20.0,0.0001413438813172351,0.5389769660746455,3813.231680435848,0.0007420834661853592,29.34347353889334,39542.01228836415,0.000566904598689983,TripA22
76.95777111666666,20.0,0.00015971912073540275,0.6061393026990026,3795.0328045141064,0.0009318643309247487,38.364310057105364,41169.415744279,0.0007069114534610306,TripA22
87.15258121666666,16.0,0.00020128339293237538,0.7208055886983135,3581.048481930551,0.0015666275703389518,134.80989932536062,86051.0193218376,0.0008805826050358835,TripA23
86.78824465000001,16.0,0.0001912721852976087,0.532841035849615,2785.7737653833174,0.00038397988599170145,22.271547732377428,58001.86037051628,0.0008851038614501121,TripA23
79.85499215,17.730988883333332,0.00015154181718457884,0.52113916896468,3438.9132890621827,0.0007730772563743279,38.59445062569278,49923.14844016722,0.002325903871335442,TripA24
77.89848575,18.16423251666667,0.00018424183208696937,0.5127725281559609,2783.149311682442,0.0009554965642190335,34.440759808060804,36044.880848117595,0.003337993818835917,TripA24
75.96521965,19.0,0.00022166226551783522,0.6250020172012776,2819.613955226805,0.0014655009011953863,53.84775725451063,36743.58522099021,0.0033723607568048554,TripA24
75.80638143333334,18.7096488,0.00023151951154448935,1.074713775721499,4642.000877386005,0.0014705216951817264,64.17208553091429,43638.99270658766,0.0009343318888374754,TripA24
75.42042831666669,18.2096488,0.00015537976459657706,0.6197797744144085,3988.8062388534595,0.0012722321154689106,41.905007726417395,32938.17788192867,0.0010058818869625628,TripA24
75.017766,18.0,0.00015910584348278954,0.6305129446829212,3962.85221762533,0.0013212618464689073,45.533381259421255,34462.04201015107,0.0013365772543054936,TripA24
74.47163145,18.0,0.00016765296695884965,0.65484667736419,3905.965335674148,0.0013744634531266179,46.40909519115791,33765.24496565325,0.0011945145423969648,TripA24
74.29771833333332,18.0,0.0001824110326055929,0.8304836928226038,4552.815040624579,0.001065696305717718,56.741076624745055,53243.195383446,0.001157015640361498,TripA24
74.30261696666666,18.0,0.0001694117480539582,0.7135851249194671,4212.134831949127,0.0028054097467828843,107.67852731610402,38382.45997383621,0.0009748115278947976,TripA24
74.3583329,18.0,0.00020364521234025274,1.23311503609467,6055.212503765458,0.0017145443693791992,94.53556059689951,55137.42442905042,0.001282957605846352,TripA24
74.24054559999999,18.732543966666665,0.000171214296761148,1.0266437373339892,5996.250060625518,0.002325173511936044,106.20589387859698,45676.54557107232,0.0013741638666887135,TripA25
71.54655496666666,19.0,0.00016973712986434876,0.5283806640649455,3112.935068992972,0.0014970538978793997,45.984844359405116,30716.892975291918,0.001024582372224112,TripA25
70.77630634999998,19.0,0.00015032559904004306,0.8922797840977315,5935.647619538506,0.0015133989002365316,79.45773324363836,52502.835327301866,0.0033367604651755992,TripA25
65.93600126666666,20.0,0.00018440932456137188,1.7333165897694416,9399.289292405545,0.003494580817432006,142.1516362261586,40677.73608699047,0.0038036050252397277,TripA25
66.09171126666668,20.0,0.00013508723867206919,0.78782385590671,5831.963578878021,0.004046187572600213,176.38618811309945,43593.18122262629,0.0012552190321859238,TripA25
66.03828978333334,20.0,0.00015465643187729302,0.5672125738742267,3667.5653704739716,0.0027186036535788573,104.5790934824717,38467.94413919088,0.00044589007117105473,TripA25
65.83659905,20.0,0.00018977532420131124,1.416638155905583,7464.817472280175,0.0019933894310589896,75.32327280727607,37786.531639861525,0.0008844981846585898,TripA25
65.64024743333334,20.0,0.00016343872935868338,0.8734444377535088,5344.170510752342,0.0019912063223757304,61.78650219554759,31029.68361502058,0.0008523902995712008,TripA25
65.52862643333334,20.0,0.00014009149018742668,0.5745361994899976,4101.1498894139295,0.0019453729208467258,54.58663616260806,28059.728588618967,0.0006203743405540641,TripA25
65.39294018333332,20.0,0.00014734342421321236,0.5874475702984302,3986.927638171134,0.0021703523937244163,65.77894189223925,30307.954635587914,0.000656481612726658,TripA25
65.24127368333333,20.0,0.00013105055677306883,0.5548106849548712,4233.562211533358,0.001837078669195028,53.171285021942744,28943.39034769881,0.0007337931821173335,TripA25
84.9909,19.0,0.00013670989610409205,0.7273452751272045,5320.355701048868,0.00020303670736007215,13.835861724105701,68144.63209142136,0.000595236742623722,TripA26
83.82355000000001,19.0,0.0001256444649799192,0.556872728606466,4432.131003108388,0.00041196080852401055,27.633150317632218,67077.13390659018,0.0008135077938912986,TripA26
80.70036666666667,20.0,0.00017542491215338386,1.0271394019146738,5855.151296963957,0.0006920633706048281,55.16425993232795,79709.83912082676,0.0007900359134593018,TripA26
80.43936666666666,20.0,0.00014221011533595407,0.6215474190387265,4370.627346517485,0.000978906172727367,90.49440693953953,92444.41342872493,0.0007468776313847021,TripA26
78.9312,20.0,0.00012978019936404672,0.5173848225297475,3986.623730469316,0.000527835364019661,24.583259180264722,46573.725172663944,0.0008283468574597465,TripA26
78.79795,20.0,0.0001369713228482445,0.5403615909732579,3945.0709808208835,0.0006248295415609234,28.5093333792314,45627.37752125253,0.0007807399387798285,TripA26
77.48077310000001,20.436263033333333,0.00012507139669665495,0.6113710647946369,4888.176521106909,0.0005417856712556259,23.09052787343077,42619.30334908428,0.0015464285664799915,TripA27
77.13338755,20.936263033333333,0.0001462826521038352,0.5494237000667807,3755.9046965923585,0.0007270385485601826,29.132917084222164,40070.663573364305,0.001453240296847524,TripA27
76.41221705,21.0,0.00017058858195248178,1.2966466779748564,7601.016803903342,0.0002761263653073717,27.978285063114438,101324.20724102257,0.0005620765165767501,TripA27
73.89882209999999,21.0,0.0001344186931750289,0.5104546363453322,3797.497388853947,0.0008185188932782522,31.279976596712306,38215.338526191845,0.001226019011909829,TripA27
73.44391598333333,21.0,0.00014275453641189787,0.6129183136102129,4293.511989291355,0.0008038380644717082,38.15571220881445,47466.91391616398,0.0014387240192808672,TripA27
72.00414673333333,21.851693866666665,0.00013666642359059063,0.5257694771877137,3847.1005779938514,0.0009253634305735307,35.80241189737274,38690.10889611531,0.0016868601535406512,TripA27
71.88387291666666,22.0,0.0001427363684051934,0.6524571424785852,4571.064471995112,0.0012740696012934634,52.20082480339464,40971.72144316073,0.0013769754661611111,TripA27
71.92825983333333,22.0,0.00013132590263603195,0.5333792091734999,4061.4928088615807,0.003455417688631803,123.36962046000446,35703.24388449071,0.001443544706002231,TripA27
71.43852696666666,22.0,0.00013681419125008033,0.5810191741738395,4246.775636832911,0.001002436270284589,37.71966834297958,37627.99637354609,0.0009980605662198226,TripA27
70.93245028333334,22.0,0.00014604666727984584,0.6817850984986669,4668.268788306352,0.0012581068801308414,48.00332957447636,38155.207902117254,0.0006414683816208433,TripA27
70.3414102,22.0,0.0001417155745790327,0.5117012881887769,3610.762541158866,0.0009206320522084222,31.482841808540673,34196.98644319334,0.0005544607785011312,TripA27
69.62427853333334,22.0,0.00013917412029600053,0.5882960960125739,4227.050939940304,0.0008985161438672614,34.48502054446425,38379.967660946946,0.0006897637176338825,TripA27
69.53049066666667,22.0,0.00015234072816069395,0.6829300168167178,4482.911596013517,0.0012580692412672782,44.08683054698723,35043.246508894605,0.0007795290861323943,TripA27
68.12185838333333,22.0,0.0001454528586328877,0.900441525428174,6190.607279165424,0.0006346498433135428,23.804769609285547,37508.5093931474,0.00043231592785897705,TripA27
67.91684824999999,22.0,0.00012852633973908992,0.5686238996502236,4424.181851008418,0.0007020079835140753,21.74677444208122,30977.958873376825,0.00037807750376724894,TripA27
67.63485518333333,22.0,0.00013069605247518907,0.7285771753753606,5574.59205214841,0.0005597086609663686,18.630251713131614,33285.623418736155,0.0007640216510405076,TripA27
76.43140054999999,19.0,0.00016695676075454742,0.545925266853895,3269.8601984527636,0.0007655040532455186,65.38492736555375,85414.2144490814,0.0009257398506755429,TripA28
76.16344025,19.0,0.00016133478666496305,0.5486837730372662,3400.90184131643,0.0003385203613774292,20.05323896960466,59237.91079511032,0.0009104333024410226,TripA28
74.94633566666666,19.0,0.0001611791826956652,0.6299704768328328,3908.510182871001,0.0007040984905936008,29.413516923279058,41774.71946926282,0.0008281927980721752,TripA28
72.37540163333334,19.0,0.0001518011296931494,0.5410459158466184,3564.1758196417113,0.0006010695347171824,20.4521441514451,34026.253154002094,0.00040005111450955056,TripA28
63.67861668333334,21.0,0.00016699293529357927,0.5547701603278012,3322.1175455865628,0.0010807480643952507,36.08971901396234,33393.276567334775,0.0010005191120171075,TripA29
63.15833471666667,21.0,0.00016754430567116104,0.724175217087523,4322.290836364565,0.0008122056767165026,33.928262802992386,41772.99392951045,0.0005410678939133209,TripA29
83.39447486666667,20.0,0.00014594764799942992,0.7000916902576062,4796.868602228799,0.0002640079179412528,37.19412700667065,140882.61934229982,0.0009034705413800595,TripA30
81.06082205,20.0,0.0001432842453551233,1.1058547627010231,7717.908971500767,0.00021103125438880742,22.337832850003654,105850.82723741037,0.0011005991595480153,TripA30
79.69018333333334,20.0,0.00010816737193872322,0.5588579324026807,5166.603592063543,0.00015435039010180582,7.973844461443079,51660.66931339611,0.0007965435445956979,TripA31
79.18326666666667,20.416150000000002,0.00011911245342739708,0.7467423183353823,6269.22120104382,0.0005182723901820615,28.194936878719552,54401.77291484712,0.0010096464457760512,TripA31
77.91768333333333,21.0,0.00013750069028640644,0.604976435966198,4399.806537014942,0.0006202846230690441,29.14580528609391,46987.79270375316,0.0014829485687128273,TripA31
77.56085,21.0,0.00014012367318181167,0.6116317785635567,4364.94251595845,0.0006831407940162821,30.58363350941197,44769.15121640801,0.0005879144408413063,TripA31
77.46966666666667,21.0,0.00014698179947193057,0.6562023559147462,4464.514370298361,0.0007756149520034651,34.43834849389996,44401.346834461365,0.00064335140084207,TripA31
77.34118333333333,21.0,0.00012631320186580296,0.5226173728003546,4137.472291737099,0.0005426084508742654,21.135673569160648,38951.980079016976,0.0006011281040474609,TripA31
76.49363333333334,21.0,0.00013316070990628917,0.54214730850792,4071.3759252969744,0.0006766487673915386,28.08629877327993,41507.94345130014,0.0007986550214914762,TripA31
75.67286666666666,21.0,0.00015498985391241364,0.6564348743573731,4235.340945145553,0.000767960049391992,29.04434205869056,37820.121087920525,0.0011248395982572273,TripA31
75.0425,21.0,0.00013278724426087044,0.5526578187176815,4161.979727751139,0.000836051617084724,35.81625571705821,42839.76609237113,0.0010450552524472712,TripA31
74.38516666666666,21.0,0.0001339518725849052,0.6156655163129716,4596.169537851984,0.001118658962928362,44.26904089259003,39573.31265348739,0.0006671096466913067,TripA31
73.86993333333335,21.0,0.00015132071325220598,0.8192561669459445,5414.038497033064,0.0009144067638069209,38.86080595940142,42498.379821266244,0.000983450671116538,TripA31
73.45885,21.0,0.00015144816371729202,1.0501245905448875,6933.887904412977,0.001082445678430561,43.56252031966444,40244.53253194726,0.0013371566036419714,TripA31
73.31141666666667,21.0,0.000126880894015549,0.5370567400255715,4232.762893046421,0.001238737105719718,40.409792019178525,32621.76601684992,0.0007061338382173743,TripA31
73.03665,21.0,0.00013038853920274262,0.6417980274816043,4922.196624073418,0.0010986313405124586,38.30845059297443,34869.24974769551,0.000862729504988312,TripA31
72.7438,21.0,0.00013057376460655774,0.7051870893644038,5400.6797727649155,0.0010319901243962953,41.7734054404664,40478.49340118778,0.0007625076246603312,TripA31
72.69505,21.0,0.00015409891024209635,0.9936779953422914,6448.312929541023,0.000745449397571526,48.370378979887064,64887.54184719281,0.0007789221223638554,TripA31
72.78133333333332,21.0,0.00014903455110178997,0.919071001424038,6166.831748943347,0.0038733140378953337,193.9930834220249,50084.52232998802,0.00042973412942419215,TripA31
72.62665,21.0,0.0001495793745000709,0.7020580200389072,4693.548307614928,0.0014704207759012047,66.66608519338529,45338.10068925772,0.0010234425365518412,TripA31
72.35079999999999,21.179166666666667,0.00014350058975091834,0.6557020680387988,4569.333611638363,0.0009206445419966149,36.14926438183006,39265.169924792724,0.0011300842370573273,TripA31
72.21333333333334,21.679166666666667,0.00015660833328274475,0.669656898313005,4275.997862157112,0.0012780989861912939,46.62810130697427,36482.38658409781,0.000790379842036268,TripA31
72.14323333333334,21.886716666666665,0.00013795506128477482,0.5076482042433563,3679.8084790484018,0.001181939146818842,37.39037425911799,31634.771011479905,0.0006868408861634825,TripA31
72.01723333333332,21.386716666666665,0.00012630480918537522,0.560665530272144,4438.987983816718,0.0009796100809883127,32.787572679746035,33470.02375339705,0.0005907971570900948,TripA31
71.91756666666666,21.0,0.00012877787735792172,0.6491522904921943,5040.868073077164,0.0009705749493156576,38.34824507669726,39510.853956962535,0.000496981121638892,TripA31
71.904,21.0,0.00012548183981197827,0.5948100860772824,4740.20851916536,0.0013958049117382774,45.18858469361175,32374.570624870325,0.0003234624834231027,TripA31
85.93716666666667,21.0,0.00015274478834677448,1.08971287462912,7134.206583567088,0.000917966080250393,120.3432112033452,131097.66667034067,0.0010091609702143048,TripA32
79.79724999999999,22.450066666666668,0.00012291127162976674,0.6338996698826073,5157.376223329944,0.0008682358455620549,38.280508066128796,44089.98806234244,0.0006183761575767043,TripA32
78.3141,22.0,0.00011146646456835111,0.5268519072536879,4726.550799775505,0.0009131454328377247,33.730174039283305,36938.44685228525,0.0004219490951746001,TripA32
77.21816666666666,22.593866666666667,0.00013126854194377485,0.8230422167633402,6269.912079284517,0.00079046040879821,37.777322592647224,47791.54296934697,0.0020671461957381984,TripA32
64.36845,25.928683333333332,0.00013801304478539795,3.3336686765877377,24154.736110426325,0.0013109400352695356,36.40463389093336,27769.86964430329,0.003983167490486212,TripA32
60.30153333333333,26.0,0.00010954662356662906,1.0424584461293833,9516.116628599999,0.0008789187294102306,62.10221320096789,70657.51487926481,0.0014562739671912866,TripA32
60.398366666666675,26.0,0.00010338230463763537,1.019362759224501,9860.12802478589,0.00044890057214618597,59.39190905423506,132305.26477229325,0.0011344671844274404,TripA32
60.62243333333333,26.0,9.572799717904645e-05,0.5811470811795368,6070.816253395324,0.0016699989307346614,78.0814105623294,46755.36560252768,0.0007720091362752936,TripA32
60.47031666666667,26.0,9.835540224670509e-05,0.8526947731241256,8669.526570440017,0.00142893647538372,79.34366778757544,55526.37864203785,0.0007461892183484492,TripA32
60.310983333333326,26.0,9.088890097497845e-05,0.524222663932611,5767.730254290659,0.0011664714412273312,53.498170658491176,45863.2494270085,0.0006577818612118424,TripA32
60.22821666666667,26.0,0.00011720366343165451,0.5821182370274168,4966.723905920142,0.0012893700790874232,63.368866249920316,49147.15121570904,0.0004275908207052196,TripA32
60.11719999999999,26.0,9.202464842348766e-05,0.6359462081498602,6910.607310590347,0.001114407315211383,61.44188193555226,55134.13372012713,0.0006664399087812834,TripA32
59.979983333333315,26.0,8.647679196624748e-05,0.5604703449129401,6481.164855556804,0.0008326976146148193,42.16499366128731,50636.621171049665,0.0004895800265921261,TripA32
59.843199999999996,26.0,0.0001119914615238976,0.7675840969716438,6853.951957827167,0.0007580559378792026,42.11447167175181,55555.88917300034,0.0005604155114074417,TripA32
59.65931666666666,26.0,0.00010171394889272039,0.8781865650181213,8633.885269210825,0.0006694498404826619,34.12929919703661,50981.11483965695,0.0006232000904351937,TripA32
59.59011666666668,26.0,9.695296074191314e-05,0.8511087207861798,8778.573797780291,0.0007307119783802108,35.882312492756576,49105.95905694317,0.00048096540450485016,TripA32
76.00333315000002,9.443926283333333,0.00045639863313285935,1.5308658586098873,3354.2297182214534,0.0013650762075526396,91.32658402638958,66902.18723401777,0.0053595697374128545,TripB01
74.58680546666666,9.389401583333333,0.00030597163939019215,0.5290024281005615,1728.926344790891,0.0010723391326671833,49.301973276399615,45976.10193873362,0.007161406072140909,TripB01
69.60755276666666,11.0,0.00028711288762724727,0.6259701800976747,2180.223205133024,0.0015293296330366368,47.84857824421436,31287.289025588438,0.0026177818706482254,TripB01
66.65660181666668,12.0,0.00030142162649732945,0.5213691136670646,1729.700419062943,0.0013723474192141164,37.91663175672157,27629.032725863814,0.0009397178620934379,TripB01
65.8961768,12.0,0.00019667083083001056,0.5357448328991292,2724.0685903350463,0.0019383341486193203,63.68530951793633,32855.69186473835,0.001883187234514333,TripB01
64.99965261666667,12.232659533333333,0.00010873470293291726,0.5413022697753826,4978.192381776528,0.0013491468770601227,44.46331020671651,32956.612035899976,0.0033490887543376757,TripB01
64.3814099,12.732659533333333,9.486062809905078e-05,0.5914131799132317,6234.548429256602,0.001101674833256544,39.6877513486179,36024.92328094775,0.0029201130405590923,TripB01
63.9335454,13.0,0.0001148370373958879,0.5504333505884803,4793.169199331768,0.00099965780707292,45.153349505345595,45168.80595126677,0.0023129981502508575,TripB01
61.39124663333333,13.296536733333333,0.0001773353025899125,2.2666786198019837,12781.880351503802,7.682666345375985e-05,35.645745746853066,463976.2309644931,0.0030103699816515545,TripB01
59.00033078333334,15.40071815,0.00016431740013952406,0.7191976226786025,4376.880489028687,0.0005271600116800269,34.63063131889954,65692.82675393725,0.0015969047745661785,TripB01
58.77238694999999,15.0,0.00010234814952431165,0.5633066077855761,5503.8279676152715,0.0005526751292142877,26.17430436030995,47359.294776880466,0.0018929188253957387,TripB01
58.050560783333324,15.0,7.674237363679366e-05,0.7644954173729462,9961.842214982176,0.0003467339490425464,16.672144750345932,48083.3930348717,0.001503712394511705,TripB01
57.81784423333333,15.0,0.0001411684214937505,1.463736989875269,10368.728178632135,9.15578889115653e-05,11.572441998659793,126394.81028049346,0.0009557602031686874,TripB01
78.69306666666667,13.485116666666666,0.0001932071080841214,1.1376063270034256,5888.0148783559125,0.00027136264002504445,18.583235178526827,68481.18509169779,0.002839555844821531,TripB02
77.36568333333334,14.0,0.00023342478419807126,0.626277452896246,2682.994674485045,0.00044695219128027767,28.562933722043628,63906.01563049995,0.000850751319106459,TripB02
75.05376666666668,14.0,0.0002099537023988296,0.5502446486168184,2620.7904044081565,0.00033072313346710813,14.585768682392994,44102.6562898226,0.0008358100700875754,TripB02
74.21853333333334,14.0,0.00024373302333119404,0.7195938535323935,2952.385539297976,0.0002599778444865359,21.258277154184512,81769.57231171083,0.0013873824283272224,TripB02
73.50568333333334,14.0,0.0001797076501854012,0.6339459429994643,3527.6513957276356,0.0005931097354857452,25.0268451596527,42195.97767882904,0.0015088302195649507,TripB02
72.10065,14.0,0.00016954409275935945,0.5492492100827314,3239.5655970291,0.0007231682188262257,26.379874352885036,36478.1992158093,0.0013005247969270467,TripB02
71.48263333333334,14.0,0.00018544657448912936,0.5770439526564068,3111.645250099955,0.0007305594721142682,25.306474169962787,34639.85498227111,0.0012232991439952746,TripB02
71.24238333333334,14.0,0.00019539607154221757,0.6604987310290275,3380.3071157769878,0.0007977746197041446,26.858999957468203,33667.40341705642,0.0013272012144076924,TripB02
71.09168333333334,14.0,0.00018060916291979206,0.5572040793231016,3085.1373779444075,0.0007102141941238538,21.924721436240304,30870.57625381233,0.0012309202932981737,TripB02
70.69088333333335,14.0,0.00018466790709589006,0.5449089829432964,2950.7508451934136,0.0007478895588430099,25.175770974004227,33662.418035292954,0.0010369847914823442,TripB02
70.25463333333333,14.0,0.00019238060303519852,0.5317103361478055,2763.8458750985524,0.0007621758942758193,25.073555995831576,32897.33535807399,0.0006771765816373892,TripB02
67.27053333333332,16.0,0.0001801317589944447,0.6567056834585634,3645.6962787934376,0.0017191831010110916,59.8547599542446,34815.814510416385,0.004523570474169555,TripB02
66.86385,15.763333333333334,0.00015326379500471934,0.5554493830579269,3624.1395630378547,0.0009982226856487784,31.523771334669508,31579.898741913636,0.0013446779004436678,TripB02
66.63463333333333,15.382450000000002,0.00013737637422140192,0.5471883867319214,3983.1331248417437,0.0008674913174308799,25.828634213224394,29773.93974353221,0.00119866049626362,TripB02
66.45311666666666,15.119116666666669,0.0001731847988725021,0.7187974798789785,4150.465194166112,0.0007968937324119616,25.67960074864846,32224.62381643272,0.000870836007720409,TripB02
66.35708333333332,15.0,0.0001428348015403505,0.5946970249068564,4163.530305594718,0.000691132106287231,18.989965750033644,27476.607695232018,0.0007432498555603609,TripB02
67.11436666666667,9.0,0.0005002646796982185,0.7104798958978019,1420.2079913504874,0.0013261988759495507,64.47985076075591,48620.04630684724,0.001584513642962294,TripB03
64.03841666666668,9.970283333333333,0.0003089350542265281,0.8765928958802913,2837.4665933427077,0.0011585459858491182,91.1348746925351,78663.14829595719,0.003056908254274093,TripB03
51.61983333333333,13.288049999999998,0.00023117336328309232,1.8036819285033618,7802.291331871973,0.0009084065276126184,47.20803884442563,51967.96523302513,0.004453186551632978,TripB03
51.41616666666666,13.0,0.00015151467470085267,0.6008635131974228,3965.7116670959754,0.0011533808206137216,48.506816756434944,42056.20198420167,0.0014455016337706957,TripB03
51.1992,13.0,0.00016573498072549318,0.6183291273894891,3730.830538506699,0.0011946642515463617,54.25580428058299,45415.106554293234,0.0013338563661548578,TripB03
50.95265,13.0,0.00015352149954215105,0.5385517236942278,3507.988948130111,0.001033373296550752,44.918439525447965,43467.776528945644,0.001097274928312453,TripB03
33.96676666666667,14.0,0.00015415926350367218,0.9290141824696083,6026.327327695611,0.0006670281737728235,30.978329513215,46442.310431951264,0.002545797197639095,TripB04
34.561083333333336,14.56125,1.1245956614116088e-05,13.00377289183825,1156306.5142467048,0.0012793455932681957,28.844673684955417,22546.428296414637,0.0006446904085490158,TripB04
61.239549999999994,11.0,0.0003405713422133794,1.8339626554486979,5384.958826922257,0.0006873309113682644,70.24409363470676,102198.36249598084,0.0022795752673502217,TripB05
60.96238333333332,11.0,0.00025692194990680167,0.6855154077670574,2668.1854470422936,0.0011073852544783833,52.69893661513493,47588.6204931977,0.0015949711334222315,TripB05
60.80781666666667,11.0,0.0001653953242290504,0.8911811664785497,5388.188394276388,0.000981502024298468,62.87151979432513,64056.434156885996,0.002967042005854018,TripB05
60.656483333333334,11.0,0.00014183986209557136,0.9886389143999654,6970.106286015865,0.0005832468943890729,34.21395833114647,58661.192473187846,0.002304251428194669,TripB05
60.70328333333334,11.0,0.0002532513951804019,0.7255306073551852,2864.863219562358,0.0009568568690560265,30.76865699119224,32155.966044897206,0.0006395818929555451,TripB05
59.865,11.0,0.00017649633773004388,0.6964239520720713,3945.8266445010963,8.35435270106928e-05,7.2778643537000125,87114.64088376965,0.0008787331024332365,TripB05
80.52629999999999,12.0,0.00031948966601705336,0.5959518450928593,1865.3243233884416,4.556174245302452e-05,14.425010069687204,316603.5645928118,0.002140601751467342,TripB06
71.46995,13.0,0.00018409930118885195,0.6319408946273508,3432.6088722036807,0.0002785649684639937,12.700334191708883,45592.000536673666,0.0009423875262782752,TripB06
71.04775000000001,13.0,0.00031170807778262654,1.6189717372431873,5193.871614620771,0.00019509488755712744,38.42102028925769,196935.04412311828,0.001490535902037684,TripB06
67.11436666666667,5.438116666666667,0.00048068400573250084,0.7435536943339497,1546.8658941561184,0.00018861638195485244,13.456747701957598,71344.53308079374,0.0060320021561163575,TripB07
49.99406666666667,9.0,0.00032854501548739557,0.6307035361834662,1919.6868205345297,0.0014201545940268037,56.8620317051133,40039.32525675448,0.0025511004049721944,TripB08
62.54286666666667,1.115,0.000599320782637741,0.510966351560799,852.5757263279357,0.0017339908526519702,140.50258710707283,81028.44769462757,0.00406412528550134,TripB09
48.52133333333334,4.0,0.000549704153768318,1.0208104260847806,1857.0178505782553,0.0016032960142124744,63.44207917925799,39569.7853776679,0.004549099640700043,TripB09
29.939633333333333,11.496866666666666,0.0002106604466317881,1.8014038602520523,8551.220169967233,0.0007074036479813247,97.12003534647185,137290.83193678383,0.00079653009227067,TripB09
57.88394999999999,9.522116666666667,0.00034437304202066216,7.247379310716574,21045.141246223728,0.0010773568756077447,91.90545128868283,85306.4136587408,0.004281232049116105,TripB10
50.68651666666667,11.0,9.951382346435575e-05,3.8680366336285674,38869.339946666165,0.0017141905719610935,85.69125651414676,49989.34069279881,0.0011777150758279843,TripB10
50.10425000000001,11.35195,6.668772183113507e-05,1.8177800550956411,27258.091972291044,0.0014635943276156585,54.065227436071105,36940.0361944206,0.001172065468731202,TripB10
49.116550000000004,11.85195,0.0001324439211948572,2.46290038656627,18595.797861819152,0.0014245355921567325,69.9695505715302,49117.44638517386,0.001069477926693712,TripB10
39.6645,14.0,8.962070354504065e-05,4.799519675078848,53553.69334572067,0.001162091189309038,82.55660663835957,71041.41860626831,0.0008614871819237889,TripB10
39.556999999999995,14.0,4.5999049483743164e-05,1.9072493636738561,41462.79945084322,0.0012715113621325719,63.23651961136819,49733.350007433866,0.0007077004240870604,TripB10
39.37049999999999,14.0,0.000101750317191102,5.485718147812277,53913.52380267567,0.0008975289537125862,58.29373403648248,64949.14040973631,0.000620931757005674,TripB10
39.17341666666667,14.0,4.082038625952898e-05,1.4498794555049899,35518.51386919531,0.0008995496934175532,42.910517931833255,47702.2206175274,0.0006700849784716414,TripB10
39.05683333333333,14.0,2.6750357377342803e-05,0.7373262834370294,27563.231138793493,0.0008690593536562985,30.246260652710987,34803.44642222559,0.0006599211571855906,TripB10
36.66798333333333,14.8945,0.00011205458485300962,1.983877709263956,17704.56525153662,0.00017122268962126508,18.517499999338984,108148.63404084265,0.001262037520154981,TripB11
35.9704,15.0,0.0001292114724331533,3.0060973944555838,23264.941865055895,0.00021078881792062706,18.52342365344466,87876.69021617499,0.0010233431845087459,TripB11
35.42838333333333,15.0,0.0002004957695836447,5.0655965166761545,25265.353614171105,0.0003179815276445534,65.54172934831715,206118.04035856167,0.0008650913997850598,TripB11
33.963100000000004,15.0,0.0001296142219696266,4.309286245176174,33247.01703016817,0.0007313650267420588,48.76476029620932,66676.36339330715,0.0006427645775982164,TripB11
33.34961666666667,15.0,0.00016453623503965897,4.182972604366214,25422.804911987758,0.0008334937524237712,57.624582633907465,69136.19024298282,0.0008106906903245368,TripB11
32.50251666666667,15.025933333333333,5.546621279671681e-05,1.122860510216456,20244.045042911617,0.0008481995162507962,30.76322663827673,36268.85661790526,0.0010101239617021462,TripB11
31.5192,15.525933333333333,6.323638152678331e-05,1.3033853327598526,20611.32059252652,0.0008731406669614602,36.15823987399804,41411.700590958775,0.001268376277304325,TripB11
30.879816666666667,16.0,0.00019823984786607472,5.518303197254669,27836.498346097804,0.0005699131483628738,69.93060207123882,122703.96335322443,0.0009758636955988914,TripB11
30.850449999999995,16.0,5.9798347044459575e-05,4.495166178052232,75172.08083879163,0.0008860344660664317,52.45632936385374,59203.486289573695,0.0010672584202664238,TripB11
30.954183333333336,15.754983333333334,4.080765102892793e-05,5.355207581168298,131230.4787494892,0.0006360870152695121,23.197668846562042,36469.3324807662,0.000606809620915559,TripB11
68.37201666666665,22.0,0.00012046111841270162,1.4583810765419776,12106.65396236437,0.00013183177124537099,18.21333473370645,138155.88277128586,0.0006246024938760873,TripB12
62.88924999999999,22.0,0.000256903890758617,3.8905856852723306,15144.129089612996,0.00018840141205715596,128.4056257886752,681553.4150546619,0.0009422830730252429,TripB12
51.80406666666667,20.0,0.0002483160054803257,7.4083030873895,29834.174696308353,0.00010710103999743905,123.82809114522772,1156180.1001016295,0.0005523903728995737,TripB12
69.70231666666666,6.0,0.0006056773398831461,1.0409941871209267,1718.7273133278632,0.00373477950405772,73.87869460733319,19781.27343985537,0.012011035954522853,TripB14
68.5182,6.0,0.00029523435351978496,0.5861535211036378,1985.3838623978327,0.0035497701535689473,127.03490950199898,35786.798583079464,0.0021210672270492244,TripB14
66.21855000000001,7.558483333333333,0.00019938924186632478,3.046713352896615,15280.229386393892,0.00175068409650801,66.2652020119393,37851.03328699605,0.0049476783081557835,TripB14
62.131966666666656,8.0,0.00016438593138374364,0.6441235456403532,3918.361749198031,0.002207114454003534,118.93721838933713,53888.10633431096,0.0011640727084552506,TripB14
61.81621666666666,8.0,0.00022347770247414366,0.7307464705394867,3269.885373123674,0.0014452836466237883,72.81050021586083,50378.00046098053,0.0012277866613994964,TripB14
61.493216666666655,8.0,0.00020319895447626566,1.7156128507531785,8443.020069542572,0.0009520099326471781,67.96867135823466,71394.91829590432,0.0016801394012271246,TripB14
61.19591666666666,8.2566,0.00012656750102991375,1.350395400293804,10669.36922436861,0.0011117033742503706,57.85185109141277,52038.927317660324,0.001990736560683627,TripB14
60.95456666666667,9.0,0.00021668203752237827,0.5434719949976663,2508.154350087917,0.0022253735875390206,132.44085073240967,59513.98519062697,0.0009050140191589854,TripB14
59.35056666666666,9.0,0.00016610748384798859,0.5686456894982947,3423.359841021278,0.0007737415268681993,29.22844797096079,37775.46758963038,0.0013770171446631043,TripB14
58.53093333333333,9.0,0.00015633478944598758,0.6120492411592993,3914.990664126985,0.0008308866043832513,36.952726573268265,44473.850436784276,0.0007785361338155147,TripB14
57.7626,9.0,0.00015459826082075818,0.60800514071723,3932.8071188469157,0.0008143280250260042,36.91656881414827,45333.78157158401,0.000757106666245362,TripB14
57.018899999999995,9.0,0.00017150714376188466,0.7054409328125567,4113.1868757138745,0.0007931324182652189,38.727338671839966,48828.33910199566,0.0008212641283021971,TripB14
56.588100000000004,9.0,0.00015057526003259646,0.8534833775844156,5668.151443999857,0.0008387534786422716,35.831133838123826,42719.505492991,0.0011225975568340456,TripB14
56.28806666666666,9.450533333333333,0.00016829322362744035,0.9108978169698762,5412.563841467432,0.000815375497381016,31.871295819030994,39087.875367117995,0.0017376322033444667,TripB14
55.18918333333334,10.0,0.0001792120879299697,0.6691655480140691,3733.930873432809,0.0007689235444925424,32.66033469678298,42475.39944733705,0.0012461475844323326,TripB14
54.71928333333333,10.0,0.00018026907400065114,1.052656762042982,5839.364116549353,0.0006998910959649208,39.10327042907388,55870.50707533758,0.0018558785359050478,TripB14
54.27478333333334,10.036266666666666,0.0001416341391182813,1.0970181139800306,7745.435675391019,0.0009229949811064833,41.837409248703885,45327.88379688624,0.0022827930073328153,TripB14
53.772733333333335,10.144900000000002,0.0001524489090766694,1.753706088368002,11503.56600771758,0.0011163044967317168,51.85869178587815,46455.686542254814,0.0012255717444242123,TripB14
53.28743333333333,10.0,0.00014208920104303124,0.5759484351718381,4053.428627538092,0.0011940891568510445,45.450589227578256,38062.977933269976,0.0008138327411606901,TripB14
53.132250000000006,10.0,0.0001410529605060499,0.5606829916641133,3974.9820893696524,0.0011925323379756863,47.206419931113935,39585.02291958509,0.0006882010913034874,TripB14
52.813449999999996,10.0,0.00011355872940959453,0.5783442316850506,5092.908618227165,0.0010763500038011291,37.064745750936005,34435.58844246006,0.0009972703538748784,TripB14
52.37878333333333,10.0,0.00011916613872106844,0.6969121874998184,5848.240070369966,0.0011448589993237482,43.01355810892634,37571.052971880235,0.0010502177855483848,TripB14
50.59145,11.0958,0.00010943679906208836,2.7817109230939185,25418.423664929476,0.0016251594870827111,106.81281981231382,65724.51544682006,0.003128226811126601,TripB14
40.966699999999996,13.0,0.000277975558254883,10.061566872958705,36195.86893223538,0.0005890789849330027,118.52954603580048,201211.6355657826,0.0008222223175205722,TripB14
40.6705,13.0,0.00011005028002843118,0.8641600400631092,7852.411096453874,0.0015288657047468667,93.38648209972567,61082.20088250826,0.0008727493818782807,TripB14
40.53566666666667,13.0,9.066033326939716e-05,0.5526272273627005,6095.5790413936475,0.0013218896481212187,68.03009981384659,51464.28063078996,0.0007643033001859909,TripB14
40.2965,13.0,0.00012222271823435498,1.2588315734757862,10299.489257488527,0.0009935160982219543,55.95580508576151,56320.98481937313,0.0008597730022717847,TripB14
39.97125,13.0,9.633075007124922e-05,0.8667048831727737,8997.177770667537,0.0008878793411766531,45.986727875500264,51793.8933172573,0.0007930804739719192,TripB14
39.801583333333326,13.0,9.516612798017696e-05,0.8122905304871938,8535.500474038341,0.0008416910606219263,41.6254643262792,49454.563881814436,0.000752178655282473,TripB14
39.624583333333334,13.0,8.859402958271295e-05,0.8560973273857931,9663.149214660403,0.0007131513196169198,37.86015305277946,53088.52695262013,0.0008702629557568557,TripB14
39.30225,13.0,7.516047747166882e-05,0.6378285578865354,8486.222804092218,0.0006064640376075187,24.580696172014008,40531.16862293117,0.0008656780364891475,TripB14
39.00208333333333,13.0,7.857037321147346e-05,0.7766429351887896,9884.679217425151,0.0005531068285913606,26.45728691173365,47833.9545709722,0.0007914807551989307,TripB14
38.52275,13.0,0.0001488661817891354,2.728791812477075,18330.50179484236,0.00025555693127902166,30.119968333519875,117860.11118060559,0.0008977525912541741,TripB14
38.30766666666667,13.0,0.00019506088528256304,3.143711149908415,16116.563530174028,7.249977918195645e-05,50.47949637780736,696271.0362346946,0.0007977758113756597,TripB14
37.77375,13.0,5.580632154071055e-05,0.5686087363697898,10188.966423006243,0.0002949971893172343,9.771722163922709,33124.7975160007,0.0007883720218513708,TripB14
37.529,13.0,6.315047848337376e-05,0.6476684453165682,10255.954679537164,0.00021882533725958278,7.441991280269912,34008.818967073305,0.0007649880287139063,TripB14
35.74883333333334,13.0,7.716732314603417e-05,0.7359762304101519,9537.407809486465,0.0005118833357065428,20.615567477221358,40273.95705071368,0.0008282019609862775,TripB14
35.36575,13.0,7.540880683530868e-05,1.8521458606627663,24561.399899985365,0.0003676102020175377,18.341092628724375,49892.773726256295,0.0010082045885793504,TripB14
84.75518333333333,9.0,0.00029680418341855873,0.74145498969006,2498.1285005826435,0.00043619740988030834,29.58344561364271,67821.2317257004,0.001555249697446479,TripB15
84.18581666666668,9.0,0.00028519003728369707,0.655554773967307,2298.6594490156895,0.0004934733515526696,24.383231061736662,49411.44437691927,0.001434237961524923,TripB15
83.51028333333333,9.0,0.0003540392459547733,0.5392686505795843,1523.188902759309,0.00034776414883796406,20.451216201252432,58807.718592008736,0.00056538853282519,TripB15
80.16456666666664,9.0,0.0002963515135172493,0.5834775500860874,1968.8698166615764,0.0004170331794974145,23.382065515407355,56067.63841569186,0.001139656733872246,TripB15
73.25878333333334,9.153666666666666,0.00018870176337460595,0.5941223506480895,3148.4727011726586,0.004134725476631308,158.5494037834019,38345.8115126369,0.0025901841612198475,TripB15
72.26576666666668,10.0,0.0003316689800419482,0.5179162027430889,1561.5454983989907,0.001169169409564846,35.27322080480855,30169.46946801911,0.0013654914602740404,TripB15
68.82475,11.67,0.0001454710427535614,0.8842115207514392,6078.26481487012,0.0015604689487410854,65.74546167669189,42131.86153414479,0.003981495924735404,TripB15
68.4551,12.0,0.00024107690458752314,1.1500347661877772,4770.406224335174,0.0029695945649029754,194.64932172722493,65547.44005385281,0.003933546862714456,TripB15
68.15913333333334,11.560633333333334,0.00021172068499423672,0.5735280635497599,2708.8900811244403,0.0015610171904308638,52.56613282441049,33674.28183792227,0.0018294234242908851,TripB15
67.96636666666667,11.060633333333334,0.0001997003337407885,0.6446520174057867,3228.0968455593393,0.0019167749814344986,61.092583734273724,31872.590328027203,0.0011121664642051638,TripB15
67.81903333333334,11.0,0.00022383390418177228,0.9232371258887024,4124.652738661766,0.0018065411843247046,70.36176773894526,38948.33306291154,0.0009052312473536368,TripB15
67.70971666666667,11.0,0.00021084555474967296,0.7131538396528283,3382.3517906247653,0.002239330734937797,65.43627861289588,29221.355109348566,0.0008054719813359596,TripB15
67.27158333333333,11.0,0.00022286192276495319,0.7187315860975179,3225.0084589620355,0.0015759236091371696,40.03702558800214,25405.435489301868,0.001056222322469859,TripB16
66.91153333333332,11.0,0.00018397281475790857,0.5400102683585163,2935.272089352552,0.0013988365072022792,35.23248026755946,25186.989391652085,0.0009133093062111474,TripB16
66.58625,11.0,0.00019812173318140076,0.8364172763111393,4221.734096911587,0.0014367539417459402,47.198402654310925,32850.72083877879,0.000941272204024317,TripB16
66.48165,11.0,0.0002177885255544965,0.7255053037777905,3331.237501749144,0.0019716911623476946,56.13371102244505,28469.829400465835,0.0007946873596119719,TripB16
66.25456666666666,11.0,0.00024021782787200577,0.9323691559362705,3881.3487083608993,0.0018285888607705418,70.5323329365519,38572.00185876149,0.0009775274908941204,TripB16
65.9062,11.0,0.00021041238671249622,0.8722442199927004,4145.403384376413,0.001470044977156503,46.70324170960933,31769.940672119475,0.0012289641224046887,TripB16
65.64591666666666,11.0,0.0001942851531521467,0.7434410618738426,3826.5459290738822,0.0015598258029700142,43.82090384534422,28093.46002733526,0.0008978181960298302,TripB16
65.42094999999999,11.0,0.00017329814593428758,0.5614270426184043,3239.6598335869685,0.0017590151235818742,42.65122014680949,24247.216283143156,0.0008109694753711607,TripB16
65.29763333333332,11.0,0.0001783509428017119,0.6174526868788213,3462.0096601636506,0.0017707077705418027,48.31682456512884,27286.729842691555,0.0008371183288921768,TripB16
65.14525,11.0,0.00021613211116862648,0.8409900807018073,3891.0927032293966,0.0016283726453920316,58.947392054350196,36200.185640037314,0.0008224432755133714,TripB16
64.84121666666665,11.0,0.00019401042001916625,0.6502877677445041,3351.818771797218,0.0012353940279613094,35.88295330950332,29045.755845783577,0.0008493965208224445,TripB16
64.55961666666667,11.0,0.00018520310344193104,0.7240298560141648,3909.382956107853,0.0012553202748992178,39.16846395563127,31201.968723699512,0.0008298736571007527,TripB16
64.39593333333333,11.0,0.00018960616226899947,0.93376825098839,4924.777970368006,0.0012873582172187076,43.090032880749014,33471.67268939606,0.0010188629482261687,TripB16
64.13454999999999,11.0,0.00015514890523185866,0.6355211046401265,4096.201025011339,0.0010858700220915552,30.169753949886747,27783.94590153165,0.0008296015157730408,TripB16
63.88463333333333,11.0,0.00018777003357573293,0.9334913649238824,4971.46081910551,0.0010637436555858235,37.467491344713146,35222.293592979506,0.0007490004369499866,TripB16
63.75028333333333,11.0,0.00017712943737973005,0.8904124200362069,5026.902547696467,0.0010766383049893833,39.06153256530278,36281.016924888216,0.0008261191998555889,TripB16
63.49923333333332,11.258650000000001,0.00015190954828876916,0.5843226130476471,3846.516691214773,0.0009501737781274277,26.205423233271137,27579.61105274443,0.0011626795686170849,TripB16
63.25589999999999,11.758650000000001,0.00017691176095278494,0.5533389149453686,3127.7678316313086,0.0010730858342173706,34.02852711382449,31710.908884229542,0.0011803721117756326,TripB16
63.03491666666666,12.0,0.0001788332136900401,0.5132064696581293,2869.7491873497083,0.0009290385536645346,30.290039516086907,32603.64104009434,0.001122409439372025,TripB16
62.550433333333324,12.0,0.00018071035050087032,0.7087113640495285,3921.8083639659326,0.0007359340167253939,29.60199650646723,40223.71005240937,0.0009637224784486471,TripB16
62.28408333333334,12.0,0.0001707207719189142,0.5808107224051942,3402.1092798306754,0.0007057818046112874,27.060556339242886,38341.24960779715,0.0008194917544412036,TripB16
62.02236666666666,12.0,0.00017733555296781778,0.547667711122466,3088.3130988508256,0.00040028712333469406,11.798549243691143,29475.215553776292,0.0007278603980129275,TripB16
61.299749999999996,12.0,0.00011111516800759515,0.5728177670842702,5155.171677777745,0.0002896226083337776,9.532720830194721,32914.28416116144,0.00163780753684567,TripB16
61.021466666666676,12.0,0.00011605735088615828,0.5675533062550674,4890.283139512512,0.0003282105134687218,11.792927829318304,35930.987416227785,0.0012024419140403753,TripB16
59.88491666666666,12.0,0.00012556521360836112,0.6688914985659264,5327.044643528456,0.00042038460667862335,22.514343382850466,53556.536146106526,0.0010250752714638985,TripB16
59.275850000000005,12.0,8.182391458442509e-05,0.5805743521171646,7095.411592880146,0.0004396129438668905,17.089302071608184,38873.51887614715,0.001423068975249621,TripB16
58.75683333333333,12.0,8.80741788317356e-05,0.8528604254276659,9683.433178037832,0.00044843310565589883,19.0677685544026,42520.87616616353,0.0013104550815202533,TripB16
58.30800000000001,12.0,8.899795118573024e-05,0.5517186627269722,6199.228806690033,0.00046775826591174616,14.825980511886156,31695.81724651646,0.0008401904495124243,TripB16
57.57516666666666,12.0,0.00015462343684673617,2.5123342297668145,16248.081668609253,0.0009500209701753627,99.47425142078204,104707.42703965816,0.0014275039930869273,TripB16
57.03278333333333,12.0,9.069501449891403e-05,0.7920454106318698,8733.064491007426,0.0002758469853719033,9.042303626493576,32780.142999578304,0.0010385323294719603,TripB16
54.81373333333333,13.955116666666667,7.999934827871281e-05,1.3329453365374488,16661.95244358178,0.0006254521169588163,33.77682531130789,54003.85480433503,0.00427740514061418,TripB16
53.96376666666667,14.088583333333332,6.98200255941824e-05,1.4556171685680153,20848.132841264687,0.0003740008522860465,17.326995099015193,46328.75832529658,0.0018035218583855608,TripB16
53.75806666666667,14.0,4.947813095902256e-05,0.9145056783292167,18483.02796818667,0.00038190829008890475,13.699612520504193,35871.47196337385,0.0013504772635484865,TripB16
53.43848333333334,14.0,4.3315882686666775e-05,0.6344609023358558,14647.304013757328,0.00040527411128173286,13.820198310656194,34100.86636658826,0.0012348858146717222,TripB16
53.166816666666676,14.0,0.00011725619869550293,2.6096298652080403,22255.794527203332,0.00022890336920641918,17.06584532045184,74554.8017908915,0.000998248641403157,TripB16
52.398700000000005,13.0,0.00016972589292398344,5.7837686543432465,34077.11430885605,0.0004187504471322228,34.763239132523985,83016.60182239112,0.0008962049745640734,TripB17
51.96743333333334,13.0,7.813948214872625e-05,2.9341447386095107,37550.091937195415,0.0005117265321622861,24.932514316499958,48722.340448419425,0.000856505641361359,TripB17
51.006166666666665,13.790183333333335,5.823987938391318e-05,1.6868930963293733,28964.57056872479,0.000571218634995149,22.42238356660993,39253.59257020799,0.0012104465668993142,TripB17
50.722100000000005,14.0,6.59644183266148e-05,0.9141273164263967,13857.884896372563,0.0005309798137752474,19.505161504390045,36734.28066070732,0.0005923133445215517,TripB17
50.52606666666667,14.0,5.2448376026599184e-05,1.015776036346817,19367.15897231339,0.00044540129459404897,19.05067867238595,42771.94274827886,0.0007869739329821542,TripB17
50.373400000000004,14.0,5.186103039807596e-05,0.6800205277469666,13112.360524410162,0.00036425236278501033,13.672785880007655,37536.57430103653,0.0006223656901080312,TripB17
50.104749999999996,13.5774,5.5086037286474365e-05,1.2213950829014504,22172.49856891317,0.00044715296330792966,22.457429534958667,50223.14817914663,0.0007374529606541782,TripB17
49.86438333333333,13.0774,3.0048576472033315e-05,1.039447602625063,34592.2411197247,0.0005041536617028392,16.373875391028346,32477.945981238387,0.0007539769048338666,TripB17
49.255766666666666,13.0,7.012017612175378e-05,2.226758006566519,31756.309378060723,0.0005677386766486369,22.974472134402237,40466.63206040606,0.0006369802921503459,TripB17
48.95053333333333,13.0,8.511663379201262e-05,3.403096206166901,39981.56476068546,0.0006801382110516587,40.46618211683968,59496.99849133479,0.000901253589695234,TripB17
48.697916666666664,13.0,7.320704939755941e-05,1.6855166296394104,23023.966182355143,0.0006474163250710773,27.310049843978234,42183.13438571381,0.0006555396508429389,TripB17
48.50186666666667,13.0,4.496581128949703e-05,1.233614930121195,27434.508457525346,0.0006875580082511007,23.867328664044297,34713.18547325798,0.0006324543398109298,TripB17
48.300850000000004,13.207366666666667,4.278053665535339e-05,0.8642162364751093,20201.15463808621,0.0007249724803460857,23.07438634901905,31827.947921559524,0.0007842670177599531,TripB17
48.08486666666666,13.707366666666667,5.5168602489606014e-05,0.8804113340338834,15958.557844559438,0.000787184657377584,27.403444181067176,34811.96428847918,0.0008265361533008247,TripB17
47.87593333333333,14.0,6.751549857723979e-05,0.6883196755370221,10194.98767012086,0.0008419317216645431,28.29710932836298,33609.743640990404,0.0006512295974463044,TripB17
47.67286666666667,14.0,8.467757130883993e-05,0.8790043217397755,10380.603838220992,0.000903829588685481,38.49417815651763,42590.08405832686,0.0006633790348144339,TripB17
47.46681666666667,14.0,6.683297411634354e-05,0.5901874100802762,8830.781779258721,0.0009761952445452355,28.99901672258485,29706.1647089811,0.0006977010862913667,TripB17
47.306149999999995,14.0,7.888691859545897e-05,0.8264198721481465,10476.006502245587,0.0009927179617052885,36.19048446902718,36455.95815236309,0.000699486225024582,TripB17
47.14448333333334,14.0,7.981890013924129e-05,0.8325083793621985,10429.9655584068,0.0010105122138959373,35.96860756079181,35594.4312856132,0.000655156456432662,TripB17
46.970533333333336,14.0,8.110447751269887e-05,0.8113722179980576,10004.037297090257,0.0010656380277592108,37.92410861997519,35588.17124771794,0.000687389865137315,TripB17
46.847766666666665,14.0,8.52074413349823e-05,0.5998998279990218,7040.462882116027,0.0011368388918117564,41.75302090260543,36727.298127586495,0.0006187901147079348,TripB17
46.756150000000005,13.754516666666666,7.245048478211374e-05,1.0729899505341316,14809.976134197334,0.0010816021900064907,45.16330479571853,41755.92950255353,0.0006501157054338302,TripB17
46.51891666666666,13.726700000000001,7.022698667309261e-05,0.7069921513068568,10067.243161064463,0.0010172286820769707,37.91918484049479,37276.952084237004,0.0007952311847183417,TripB17
46.15858333333333,13.972183333333332,8.636354127390356e-05,0.7939301558436394,9192.885610441508,0.0010881003472847073,41.80593629242628,38421.03018967931,0.0007904084129694984,TripB17
46.00014999999999,14.0,0.00010763187923887042,1.1754837664583602,10921.334596876975,0.0012936981718702262,55.524735600735355,42919.389397038714,0.0007195261672877772,TripB17
45.81778333333333,14.0,7.249134992607148e-05,1.6637626339917329,22951.188461636873,0.0018050150722080393,85.99218398467966,47640.70134854171,0.0010821158557406062,TripB17
45.219316666666664,14.0,6.214030252475356e-05,1.1840757471054593,19054.87580517947,0.0010700545858381139,43.871552057495194,40999.35894684574,0.0012686961508021077,TripB17
44.673316666666665,14.0,0.00010082761575396327,1.6731038501701225,16593.70637358701,0.0010990541743669206,62.47565316187565,56844.92595450357,0.001107032848286664,TripB17
44.003033333333335,14.3379,7.517137914995041e-05,1.0938649485236438,14551.614735464986,0.0010876663043032362,45.84047162795413,42145.71274902162,0.0014513596286336058,TripB17
43.34851666666667,14.8379,0.00026923389417469405,5.229360352685185,19423.11301002868,0.0009006165328326131,116.35692285398407,129196.96520340245,0.0020304539809240002,TripB17
43.20668333333334,14.506316666666669,8.941247057011103e-05,0.7065483531127097,7902.1231446533375,0.0018046334265556757,74.13492657967976,41080.3243965029,0.0010160867543074499,TripB17
43.125416666666666,14.006316666666669,7.862395571350765e-05,1.2723889524622285,16183.222287855851,0.0017736425369676103,87.26952239442525,49203.557411083304,0.0007218078662545145,TripB17
42.73758333333333,14.0,0.00013760151206457228,3.190572611111336,23187.046154072028,0.0017265209225835337,165.45872730047628,95833.606842648,0.0011438111487190178,TripB17
42.175999999999995,14.0,6.0984572149896516e-05,1.2898590998219748,21150.580455849988,0.0009562428328871384,46.81718102987106,48959.51051315927,0.0009238727591703145,TripB17
41.75225,14.075233333333331,0.00012653501166277542,5.898258304143137,46613.64650490889,0.0007195862415834118,65.05088237026587,90400.39763284635,0.0016503645752909072,TripB17
40.41608333333333,15.195616666666664,6.421137589735811e-05,1.7903606371253524,27882.29674422869,0.0005680750250356471,31.177667688049183,54883.01071868591,0.0025974835318199547,TripB17
38.87983333333333,16.597666666666665,0.0001305616321727736,2.3382933757741546,17909.498654856478,0.0006218157638966861,36.84457074584665,59253.19505403908,0.0025342808062820904,TripB17
38.407666666666664,16.0,2.1902139981056617e-05,0.7435279380630938,33947.73016272285,0.00042301932798527355,14.75069774190232,34870.03256365589,0.00119268995620615,TripB17
70.0469,5.0,0.0008340628774295006,4.196634123859829,5031.55605821163,0.0019712601710528696,132.23626553002856,67082.09675813612,0.0032111630594952234,TripB18
69.59778333333333,5.2168,0.0004268989303014215,0.5382214843437237,1260.7702810679345,0.002681338184059913,87.39762123249125,32594.77739587451,0.002673872132877412,TripB18
69.2413,6.0,0.0004884643196593806,0.6006321695682537,1229.6336608313393,0.002802962555337572,96.02362263701765,34257.90417862116,0.0008672903907678004,TripB18
82.22383333333333,6.351999999999999,0.0003072874375707073,0.5356116309625865,1743.0313298744645,0.0007630564158893443,41.1893662123614,53979.45073871777,0.004474099425760391,TripB19
78.23428333333332,7.0,0.0004464644984451559,0.5646032167572773,1264.609434173485,0.0012529716830064989,44.512818542807665,35525.797706776095,0.002681901415069471,TripB19
74.29384999999999,8.0,0.00033191672762331763,0.6443218212120833,1941.2152735589295,0.0025162956514254826,113.83958634034815,45240.94228587884,0.0026320783588067954,TripB19
73.55088333333333,8.0,0.0003039580238671602,0.5120834233682662,1684.7175700552116,0.0016672182860685758,52.22026052554791,31321.78969119104,0.002714064595461132,TripB19
72.66656666666667,8.0,0.00035771268211707836,0.5684015048544778,1588.9889659222135,0.002097541382006307,56.372637907540046,26875.578422972227,0.0012692662807254587,TripB19
72.57723333333333,8.0,0.00036188865061977137,0.7034828228076692,1943.9206551597647,0.0019270881631436286,59.50348415495636,30877.406282175107,0.0009217976751009908,TripB19
71.63695000000001,8.0,0.00035367478506542895,0.5721300505483878,1617.6727171617429,0.001645329909547981,42.12775651467061,25604.44338257019,0.000734696830560178,TripB19
72.09893333333333,10.0,0.0004159951038460697,0.5586011073610648,1342.8069277655813,0.0003617086587544565,39.625297994370015,109550.31635355289,0.0011527332684220081,TripB20
71.81885,10.0,0.0003918400740278252,0.5615525629470914,1433.1167232966955,0.00015780578603655676,12.70615240321718,80517.65858745962,0.0010862158096222884,TripB20
65.07595,12.0,0.0002250230747439798,0.5328161385732323,2367.8288956785623,0.0015648966591777756,73.97256127188761,47269.933664983415,0.0015358165628128948,TripB20
64.18611666666666,12.0,0.0002512063127165282,0.5203514904243791,2071.4108845328487,0.002391360720071192,106.25173168173902,44431.49491833079,0.0008149610767636693,TripB20
64.15043333333334,12.0,0.0002722968231904944,0.9705138511846724,3564.176180291743,0.0017241620769576891,87.4371568393305,50712.840751963835,0.0007540679015568507,TripB20
63.66631666666667,12.0,0.00022104555833569165,0.5396001583953867,2441.1264467749265,0.001233735294590838,49.594639592823604,40198.768577234725,0.0007471750941593188,TripB20
63.140883333333335,12.0,0.00021093960842070647,0.5313228082425249,2518.8385065304246,0.0007221918865444924,28.65514694196814,39678.023910066135,0.0006035306816725873,TripB20
62.315766666666654,12.0,0.00024385837861836632,1.1004167929084363,4512.524027852114,0.0004746619846666357,77.07628961039511,162381.42530948055,0.0012040802057053303,TripB20
47.275216666666665,8.0,0.0002017835992534284,0.5315499325819809,2634.257365557174,0.0008437172741314078,39.47784179144708,46790.36805556557,0.0033304678434325926,TripB21
46.11176666666666,8.3334,0.00022555921673574978,0.5383367932284379,2386.6761066967065,0.0009604433048051044,34.243954074075695,35654.32118975994,0.002325150709256495,TripB21
42.76116666666666,9.0,0.00032374931240695905,0.7021995005450725,2168.960592763806,0.001998135446996916,77.77951282332127,38926.046249877334,0.00796564668330352,TripB21
42.680749999999996,9.0,0.00023188414517311302,0.7620457600179604,3286.321104226662,0.001414312278335135,102.12645609009532,72209.26923600919,0.0029533665547940534,TripB21
41.32483333333333,9.0,0.0002793364352085563,0.5405558167340998,1935.1425328046219,0.00017863974469908129,12.557014107155588,70292.38721936085,0.0011627155437485184,TripB21
84.16458333333334,11.0,0.00029859438023666627,1.1729540523831739,3928.2522713705766,0.0010573710497670226,133.95812987492536,126689.80288843847,0.0007984219201522775,TripB22
81.91811666666666,11.0,0.00018948445615561075,0.7442906056601433,3927.9771056730256,0.000504481982944123,25.202967879481605,49958.112938739214,0.002024047523755382,TripB22
77.45451666666668,12.0,0.0002444023763705883,0.6042581368725627,2472.3905955657474,0.0009796434933219687,41.44997563448109,42311.28560240249,0.001514783250808949,TripB22
75.4235,12.0,0.0002423142499276502,0.5704425432779178,2354.1436108204102,0.0011557785043636412,40.778423713025695,35282.21329525231,0.001421974371239457,TripB22
73.95721666666667,12.0,0.00022957944991902786,0.5816763204588434,2533.6602237874486,0.0012620410864439986,61.59588025243263,48806.557024216076,0.0012978479578899039,TripB22
71.97905,13.0,0.0002503688683595335,0.6437709405997553,2571.2898924609526,0.0015692230744468619,50.26109630958205,32029.287058054935,0.0009108467102650925,TripB22
71.52015,6.0,0.0005308917871492872,0.5131533031548318,966.5873829209053,0.00031063306810660894,12.962011945670294,41727.72726573252,0.0035301384350374027,TripB23
55.491483333333335,10.0,0.00015931072308098947,0.5437650797779392,3413.2359031570213,0.0010418447519555966,41.439184602358985,39774.81724083697,0.0013893139746551887,TripB23
55.44581666666667,10.0,0.00015575438044935293,0.581285512097232,3732.0652582625125,0.0009316345427317942,35.50532460626837,38110.785911992425,0.0010887886498538574,TripB23
55.31315,10.0,0.0001575677131682775,0.5293441620115357,3359.47099420179,0.0007162596848650502,27.534247286240305,38441.710273597215,0.0010437042933411928,TripB23
53.96658333333333,10.0,0.00023124372555253427,1.6104708540912778,6964.387250911199,0.00047189758413912226,69.72129510308768,147746.66674820872,0.0008534412518317858,TripB23
43.109233333333336,11.0,0.00019125732362742433,1.107451745008289,5790.375625906186,0.002022644567016046,153.45794944341634,75869.95359733855,0.0032269985051576852,TripB25
41.8775,11.6893,0.00017381774232698094,0.8063717809292449,4639.1799256736485,0.0009343948251588483,47.668706537989216,51015.59346701805,0.0036256573376528406,TripB25
37.55403333333333,12.168333333333333,0.00018878598779269165,0.5053313025481587,2676.741576303161,0.0010241985131791156,39.33098969821551,38401.72504852794,0.003665050824713164,TripB25
34.81266666666667,12.155833333333334,0.00012062289996998888,0.5333261381132465,4421.433560674952,0.00122372136854369,48.30739785311491,39475.814588907546,0.0005084862874286633,TripB25
34.204583333333325,12.0,0.00012011124471024064,0.5625830848343034,4683.850260577125,0.0009505406600449095,36.422312604616124,38317.46934728211,0.0005499523395725276,TripB25
33.1912,12.0,0.0001777277828845799,0.6540769372842306,3680.2177277426663,0.00041775728283530313,96.11190521413583,230066.37864414454,0.0007932011551974315,TripB26
32.71225,12.46,0.00014323293205026368,0.8073199749405012,5636.413102659899,0.0007859296664875166,58.1242983198123,73956.10675899523,0.0020887552335800974,TripB26
25.77508333333333,14.0,0.0002174046944533725,1.1311253083280972,5202.85595107374,0.000793046999767046,148.70190876441842,187507.05671681368,0.0014402777224215403,TripB26
22.27368333333333,15.0,0.00017325775716262224,0.7498795378092498,4328.115231835778,0.0012657917159057197,57.26921966634231,45243.794019748435,0.003288933621936898,TripB26
22.15935,15.0,0.0001683386573233987,0.558869056040224,3319.9091933266977,0.0010908023926550219,38.3162837015827,35126.695687126754,0.0009703268190833565,TripB26
22.222449999999995,15.0,0.00018623673701872242,0.5877429676172555,3155.891673285543,0.0004747031053477012,38.07974754191324,80218.02914902219,0.0005073632908865183,TripB26
50.07208333333333,1.73705,0.0004676254420648648,1.048101800341383,2241.3275798539626,0.0005885257098021407,53.53416569561272,90963.17255810394,0.012967257846752692,TripB27
42.26205,3.0,0.0005302880412770169,0.6467400361881155,1219.6013974417824,0.00074164513545745,73.12099028621111,98592.96149918082,0.007657965004784281,TripB27
70.721,6.0,0.0004352257343845411,0.5797233454890486,1332.0061285182128,0.002324719988385567,57.76124084195428,24846.53684337586,0.0011280112168453316,TripB30
71.86125,6.0,0.0006891362062060363,0.5978110507020724,867.4788021852102,0.0015456889034376681,87.9347828334459,56890.35008136227,0.0019043543464198052,TripB31
71.58183333333334,6.0,0.0006639894200987082,0.6039647361535693,909.5999392035257,0.00024049479224356172,24.64002764202115,102455.55594845022,0.002125831897222264,TripB31
60.89083333333333,7.0,0.0002817097233183973,0.7071200674649238,2510.101742798967,0.0009286403021378523,49.47087568675234,53272.37636883072,0.0021636426926793387,TripB31
59.734500000000004,7.684733333333334,0.00024318710403881816,0.5154541006377087,2119.5782674209177,0.000977126466780489,42.197149134672905,43184.941324644795,0.0011348483271078455,TripB31
58.4826,8.0,0.00022237090356915036,0.590332989895089,2654.7222699552235,0.00013794418139528115,6.892285657755098,49964.308664858785,0.0014797980175041288,TripB31
44.48343333333333,5.505916666666667,0.0004010224680834387,0.7167962769301194,1787.421738128097,0.0014089710981099778,42.351437031734754,30058.41431988621,0.004621503633744026,TripB32
74.84253333333334,12.0,0.00021477645058424008,0.8590867674278874,3999.911373388371,0.0002704937855312083,29.102196792546273,107589.15120875707,0.004031873922231737,TripB33
85.18258333333334,11.0,0.00022586209036827033,1.1028813461661906,4882.985650083782,0.0007209176847952079,81.93912583365211,113659.47536288928,0.0011013726823441879,TripB35
84.90425,11.0,0.0001855701234452171,0.8416613206335315,4535.543249137309,4.99170602257111e-05,7.368490837689771,147614.67931748184,0.001075489209780718,TripB35
84.15916666666666,11.0,0.00017932849921505105,0.586769587813976,3272.037575635543,0.000373294763112057,16.676456956945746,44673.69651242535,0.0010723968736213404,TripB35
82.97616666666667,11.0,0.00017680937631830404,0.7059293339998132,3992.601233596074,0.0005818894710161465,35.562569450815225,61115.67784292908,0.0016961952269632765,TripB35
81.02855,11.754333333333333,0.00013680589311383426,0.5732846945392552,4190.49707209786,0.0007659883696657294,31.251231220619218,40798.57143817598,0.00601075264417304,TripB35
79.80330000000001,12.738016666666665,0.00023477440033472404,0.5914218121632615,2519.106901434125,0.0007652313176242718,34.639369893981836,45266.534570909644,0.002016015101116737,TripB35
77.27308333333335,13.0,0.0002489199133643206,0.573601096487081,2304.3600197930136,0.0010390170023655782,40.74932249141554,39219.110369358415,0.0019239622748390662,TripB35
76.58753333333333,13.0,0.00027141165514727746,0.5823707911133053,2145.710326247008,0.0012734390502416124,39.51118982899239,31027.15424149734,0.0026611787127718673,TripB35
75.88593333333333,13.0,0.0002793046851764763,1.0958921197901004,3923.643884089056,0.0012364551977466338,61.53216835398596,49764.98013524848,0.001800575271573523,TripB35
75.10156666666667,13.0,0.00025769431036609626,0.688664178142913,2672.4073851865596,0.0011532013115569315,40.96002698480164,35518.54006262073,0.0018969994288820253,TripB35
74.63561666666668,13.0,0.00030107557970702353,0.9374243271529007,3113.5847286754633,0.0015563959234560093,49.36880156892536,31719.950447634765,0.002797973039621209,TripB35
73.80676666666666,13.0,0.00023957968918505401,0.5709491688073108,2383.128431084587,0.0015703534940238381,47.447910169125976,30214.795808519855,0.0005867043564728766,TripB35
73.69976666666666,13.0,0.00024768817059478914,0.6115747714748662,2469.131933132912,0.0013530393679663532,66.88564349182693,49433.62704394733,0.0005809633345624181,TripB35
73.50175,13.0,0.00025895612217485386,0.6069413670579304,2343.800030524507,0.0011132297972312026,38.20235976235749,34316.68812438676,0.0007323106919524631,TripB35
73.27120000000001,13.0,0.00024545237622102857,0.6066844159362558,2471.699094043154,0.001026081326163096,33.27379476783872,32428.028772594425,0.000692382007271189,TripB35
73.14655000000002,13.0,0.0002382989228758311,0.5166169758433128,2167.936680572002,0.0011877020937010473,36.227939992338264,30502.547890142127,0.000598169821288347,TripB35
72.32055,13.0,0.00023225004018016067,1.0346793886043737,4455.023507430844,0.00038756550364610906,17.11516341538586,44160.698654475535,0.0007137553837612649,TripB35
64.12906666666667,6.387083333333333,0.00040269988817100025,0.6743154690816859,1674.4863579285336,0.002167775181182104,83.85908776144518,38684.40255677999,0.0010030544296001857,TripB36
52.372416666666666,8.242466666666665,0.00016570464523721283,1.8187579016045852,10975.901725633343,0.0013869342534363863,118.22602365415693,85242.70228471904,0.0031253802691965787,TripB36
51.61493333333334,8.742466666666665,0.00015866027339851057,1.0053036995506959,6336.2029953500205,0.0013767832151650842,50.43902235528664,36635.41347665159,0.004595388419208296,TripB36
51.17190000000001,9.0,0.000245542357686522,0.5316018182701573,2165.0106453275994,0.0014171850650738338,53.23371857598807,37562.99716100568,0.0019285575753853347,TripB36
50.15653333333333,9.0,0.00018616744928360034,0.5615663936259684,3016.4585473290754,0.0031846855418108215,143.72258260172487,45129.28536109213,0.0011356751973660578,TripB36
47.13928333333333,9.222883333333332,0.0001568579621591726,0.5544575671622644,3534.7747703085993,0.001946063258093187,66.80387294537867,34327.69858202614,0.002730944421354074,TripB36
46.01973333333334,9.190283333333333,0.00014781883950320472,0.7500272931252272,5073.962802346088,0.0032680953479715708,145.76060527280617,44601.08710208725,0.0020153112116415885,TripB36
45.41408333333334,10.0,0.00018863241566741313,0.6294818317168,3337.0819617062516,0.002695624730834034,104.35819769386154,38713.91907788767,0.002951817666521604,TripB36
45.2353,10.0,0.00018303922998982373,0.5972437601564443,3262.9276258955456,0.002366232827367037,95.61296913743027,40407.253264177336,0.002668240659790824,TripB36
83.34741666666666,8.947116666666668,0.00034304083347546786,0.6940035993087788,2023.0932634974768,7.403119606071028e-05,104.99060139484484,1418194.0449637729,0.000714209641958219,TripB37
82.61695,9.0,0.00030403629491442495,0.6185661013567995,2034.5140093583336,5.551877847247157e-05,28.201266164904155,507959.0535099303,0.0017096345785647038,TripB37
71.54533333333333,10.0,0.00025963511230733924,0.5223099464761969,2011.7076686373612,0.0012119268231433927,37.13644863112109,30642.48428366304,0.001694611138960274,TripB37
71.30649999999999,10.0,0.0002516803149090432,0.5980805381114773,2376.350086527914,0.0013843302554582839,42.60813438635221,30778.879691715432,0.0022930779167317614,TripB37
71.08016666666667,10.0,0.00024428333977158693,0.5886760217288726,2409.8083081691298,0.0011407040307668055,33.739512932316345,29577.797590174137,0.0021095390766042534,TripB37
70.85775,10.0,0.0002795453269847923,0.752730781940994,2692.6967088308497,0.0012370933408727292,41.20075302530305,33304.48209852722,0.0016480405923230178,TripB37
70.17566666666667,10.0,0.0002927167206177501,0.5196240885545644,1775.1773368393458,0.0010890246012963572,27.256714886807526,25028.557531539303,0.0012825637127943886,TripB37
70.02316666666667,10.0,0.00029376591538285315,0.7113374745085738,2421.443187449152,0.0010263567017596237,28.863357882301347,28122.15074234615,0.0010185094890745449,TripB37
58.433683333333335,1.0,0.00044923257670184436,0.7459383616498863,1660.4725488217778,0.001242183813452292,69.22516356315509,55728.59895087805,0.004816724669311897,TripB38
58.099016666666664,1.0,0.0004725989812571709,0.7088832149193155,1499.967716886735,0.0009030260633850773,50.67531988516722,56117.22843879618,0.0056917038762984784,TripB38
57.75381666666666,1.0,0.0005128775524618043,0.5409139640313368,1054.6649223288448,0.0010114159286017683,49.004479943412456,48451.36264677845,0.0032773519844986184,TripB38
